sample_index,bucket,source_name,uid
108330,hard,hotpot,hotpot:108330
49524,medium_high,nq,nq:49524
151352,medium_high,hotpot,hotpot:151352
1722,medium_low,nq,nq:1722
173680,medium_low,hotpot,hotpot:173680
34430,medium_high,nq,nq:34430
123454,medium_low,hotpot,hotpot:123454
74188,medium_high,hotpot,hotpot:74188
1538,easy_high,nq,nq:1538
135796,easy_high,hotpot,hotpot:135796
101432,easy_high,nq,nq:101432
94884,medium_low,nq,nq:94884
117426,medium_high,nq,nq:117426
44956,easy_high,nq,nq:44956
123952,medium_high,nq,nq:123952
17524,hard,hotpot,hotpot:17524
142214,medium_high,hotpot,hotpot:142214
32032,easy_high,nq,nq:32032
22316,medium_mid,nq,nq:22316
24318,medium_low,hotpot,hotpot:24318
11842,medium_mid,hotpot,hotpot:11842
70238,medium_low,nq,nq:70238
172684,medium_low,hotpot,hotpot:172684
236,easy_high,nq,nq:236
169590,medium_high,hotpot,hotpot:169590
120592,medium_mid,hotpot,hotpot:120592
2600,easy_high,nq,nq:2600
110610,medium_low,hotpot,hotpot:110610
42950,medium_low,nq,nq:42950
2392,medium_low,nq,nq:2392
100520,medium_high,nq,nq:100520
57104,easy_high,hotpot,hotpot:57104
47854,medium_low,nq,nq:47854
70848,medium_high,nq,nq:70848
99334,medium_low,nq,nq:99334
106214,medium_low,hotpot,hotpot:106214
158212,easy_high,hotpot,hotpot:158212
61164,medium_mid,nq,nq:61164
35456,easy_high,hotpot,hotpot:35456
3766,hard,hotpot,hotpot:3766
39986,easy_high,hotpot,hotpot:39986
161148,easy_high,hotpot,hotpot:161148
17524,easy_high,nq,nq:17524
54414,easy_high,hotpot,hotpot:54414
26568,medium_high,nq,nq:26568
130380,medium_mid,nq,nq:130380
123758,easy_high,hotpot,hotpot:123758
8762,medium_low,hotpot,hotpot:8762
24330,medium_low,hotpot,hotpot:24330
54782,medium_high,hotpot,hotpot:54782
122396,easy_high,hotpot,hotpot:122396
126986,medium_high,nq,nq:126986
63988,easy_high,nq,nq:63988
26700,easy_high,nq,nq:26700
40670,medium_low,nq,nq:40670
104744,medium_mid,hotpot,hotpot:104744
146900,easy_high,nq,nq:146900
117034,hard,hotpot,hotpot:117034
76272,medium_low,nq,nq:76272
77044,hard,hotpot,hotpot:77044
5048,medium_low,nq,nq:5048
179140,medium_high,hotpot,hotpot:179140
144294,medium_high,hotpot,hotpot:144294
56306,medium_mid,nq,nq:56306
11084,easy_high,nq,nq:11084
45362,medium_mid,nq,nq:45362
78214,medium_low,nq,nq:78214
15170,easy_high,nq,nq:15170
37778,easy_high,hotpot,hotpot:37778
14542,medium_high,hotpot,hotpot:14542
14232,easy_high,nq,nq:14232
136808,medium_mid,nq,nq:136808
57914,medium_mid,hotpot,hotpot:57914
122464,medium_high,nq,nq:122464
57196,easy_high,hotpot,hotpot:57196
14778,medium_high,nq,nq:14778
114414,medium_high,nq,nq:114414
106788,medium_high,nq,nq:106788
110040,medium_high,nq,nq:110040
17864,medium_low,nq,nq:17864
87708,medium_high,nq,nq:87708
76412,medium_low,hotpot,hotpot:76412
90728,easy_high,nq,nq:90728
22376,medium_mid,hotpot,hotpot:22376
135022,medium_high,nq,nq:135022
98762,hard,nq,nq:98762
42622,medium_mid,nq,nq:42622
102656,medium_high,hotpot,hotpot:102656
66140,medium_low,nq,nq:66140
27334,medium_mid,nq,nq:27334
107886,medium_high,nq,nq:107886
37568,medium_mid,nq,nq:37568
66188,medium_high,hotpot,hotpot:66188
37474,medium_low,nq,nq:37474
56178,medium_high,hotpot,hotpot:56178
104678,medium_mid,nq,nq:104678
856,medium_high,nq,nq:856
45676,hard,nq,nq:45676
40950,medium_mid,hotpot,hotpot:40950
12278,easy_high,hotpot,hotpot:12278
32592,medium_mid,hotpot,hotpot:32592
156286,medium_low,nq,nq:156286
33798,medium_mid,hotpot,hotpot:33798
77966,easy_high,nq,nq:77966
137262,easy_high,nq,nq:137262
157926,medium_low,nq,nq:157926
18118,medium_high,hotpot,hotpot:18118
101338,medium_high,nq,nq:101338
108802,hard,nq,nq:108802
167378,medium_high,hotpot,hotpot:167378
79020,hard,nq,nq:79020
73960,medium_mid,hotpot,hotpot:73960
53648,easy_high,nq,nq:53648
114216,medium_low,nq,nq:114216
94684,easy_high,nq,nq:94684
86534,medium_mid,hotpot,hotpot:86534
34654,easy_high,nq,nq:34654
110902,medium_high,hotpot,hotpot:110902
15506,medium_mid,hotpot,hotpot:15506
35046,medium_mid,nq,nq:35046
175438,easy_high,hotpot,hotpot:175438
86188,medium_mid,nq,nq:86188
76054,medium_mid,hotpot,hotpot:76054
83134,medium_high,hotpot,hotpot:83134
124470,medium_mid,hotpot,hotpot:124470
55712,medium_high,hotpot,hotpot:55712
112896,medium_low,hotpot,hotpot:112896
112708,easy_high,nq,nq:112708
54978,hard,hotpot,hotpot:54978
155178,medium_high,hotpot,hotpot:155178
159436,medium_high,hotpot,hotpot:159436
143226,medium_high,hotpot,hotpot:143226
42106,easy_high,nq,nq:42106
107566,medium_mid,hotpot,hotpot:107566
151638,easy_high,nq,nq:151638
109796,medium_high,hotpot,hotpot:109796
25394,medium_mid,nq,nq:25394
104312,medium_high,nq,nq:104312
146220,medium_low,nq,nq:146220
37166,medium_mid,hotpot,hotpot:37166
20790,medium_mid,hotpot,hotpot:20790
16376,medium_mid,nq,nq:16376
81784,medium_low,hotpot,hotpot:81784
176670,medium_high,hotpot,hotpot:176670
151000,medium_mid,hotpot,hotpot:151000
129334,hard,hotpot,hotpot:129334
134664,medium_mid,nq,nq:134664
88174,medium_low,hotpot,hotpot:88174
95408,medium_low,nq,nq:95408
22980,easy_high,nq,nq:22980
102178,medium_high,hotpot,hotpot:102178
39204,hard,hotpot,hotpot:39204
177072,medium_low,hotpot,hotpot:177072
88724,medium_high,nq,nq:88724
62942,medium_high,hotpot,hotpot:62942
157896,medium_high,nq,nq:157896
136776,medium_mid,hotpot,hotpot:136776
157464,hard,nq,nq:157464
1690,medium_low,nq,nq:1690
82100,medium_mid,hotpot,hotpot:82100
144864,hard,nq,nq:144864
60256,medium_mid,nq,nq:60256
91946,medium_high,hotpot,hotpot:91946
63040,easy_high,nq,nq:63040
85052,medium_high,nq,nq:85052
51882,medium_high,nq,nq:51882
25062,easy_high,hotpot,hotpot:25062
87098,easy_high,nq,nq:87098
53046,medium_high,nq,nq:53046
109474,hard,hotpot,hotpot:109474
23624,medium_high,nq,nq:23624
115948,medium_mid,nq,nq:115948
39848,easy_high,nq,nq:39848
156700,medium_high,hotpot,hotpot:156700
58576,medium_high,hotpot,hotpot:58576
15596,medium_mid,nq,nq:15596
108084,medium_mid,nq,nq:108084
50964,medium_low,nq,nq:50964
65242,easy_high,nq,nq:65242
78198,medium_high,nq,nq:78198
142808,medium_high,hotpot,hotpot:142808
142066,easy_high,nq,nq:142066
1102,medium_high,nq,nq:1102
85432,medium_low,hotpot,hotpot:85432
123354,hard,nq,nq:123354
150316,medium_high,hotpot,hotpot:150316
106712,medium_low,nq,nq:106712
109524,medium_high,nq,nq:109524
107650,easy_high,nq,nq:107650
100208,medium_high,nq,nq:100208
154424,medium_low,hotpot,hotpot:154424
150504,medium_high,hotpot,hotpot:150504
68962,medium_mid,nq,nq:68962
15892,medium_high,nq,nq:15892
70602,medium_low,hotpot,hotpot:70602
151858,medium_mid,nq,nq:151858
66848,easy_high,hotpot,hotpot:66848
155216,medium_high,nq,nq:155216
146896,hard,nq,nq:146896
2588,medium_high,hotpot,hotpot:2588
33746,medium_high,nq,nq:33746
170468,easy_high,hotpot,hotpot:170468
67780,easy_high,nq,nq:67780
93206,medium_high,hotpot,hotpot:93206
63956,easy_high,hotpot,hotpot:63956
96652,easy_high,hotpot,hotpot:96652
99242,medium_high,nq,nq:99242
24794,medium_mid,nq,nq:24794
106038,medium_mid,hotpot,hotpot:106038
142044,hard,nq,nq:142044
53560,medium_low,hotpot,hotpot:53560
81090,easy_high,nq,nq:81090
140612,easy_high,hotpot,hotpot:140612
106428,medium_mid,hotpot,hotpot:106428
15902,easy_high,hotpot,hotpot:15902
138388,hard,hotpot,hotpot:138388
167698,medium_high,hotpot,hotpot:167698
149870,medium_high,hotpot,hotpot:149870
109718,medium_low,nq,nq:109718
156486,easy_high,hotpot,hotpot:156486
63270,hard,nq,nq:63270
82694,easy_high,hotpot,hotpot:82694
24940,medium_high,hotpot,hotpot:24940
99940,medium_mid,nq,nq:99940
30574,easy_high,nq,nq:30574
26200,medium_low,nq,nq:26200
51400,medium_low,nq,nq:51400
153762,medium_low,nq,nq:153762
76996,easy_high,nq,nq:76996
124168,medium_high,nq,nq:124168
86366,hard,nq,nq:86366
82082,medium_high,hotpot,hotpot:82082
114548,medium_mid,hotpot,hotpot:114548
11934,medium_low,nq,nq:11934
20026,medium_mid,hotpot,hotpot:20026
107082,medium_high,hotpot,hotpot:107082
150856,medium_low,hotpot,hotpot:150856
94634,medium_high,nq,nq:94634
3380,medium_high,hotpot,hotpot:3380
154862,easy_high,hotpot,hotpot:154862
143606,easy_high,hotpot,hotpot:143606
140804,hard,hotpot,hotpot:140804
4380,medium_mid,nq,nq:4380
38240,medium_low,hotpot,hotpot:38240
36928,easy_high,hotpot,hotpot:36928
149562,easy_high,nq,nq:149562
30844,medium_high,hotpot,hotpot:30844
134054,medium_high,hotpot,hotpot:134054
31362,medium_mid,nq,nq:31362
130386,medium_high,nq,nq:130386
24218,medium_mid,nq,nq:24218
17464,medium_high,nq,nq:17464
47454,hard,nq,nq:47454
128964,medium_high,hotpot,hotpot:128964
132754,medium_high,nq,nq:132754
29342,hard,nq,nq:29342
43608,medium_low,hotpot,hotpot:43608
82808,easy_high,hotpot,hotpot:82808
137340,medium_low,nq,nq:137340
22874,medium_high,hotpot,hotpot:22874
35360,medium_low,nq,nq:35360
134200,medium_high,nq,nq:134200
117704,medium_mid,nq,nq:117704
112582,medium_low,nq,nq:112582
175318,medium_mid,hotpot,hotpot:175318
38792,easy_high,nq,nq:38792
123724,medium_high,hotpot,hotpot:123724
178146,medium_mid,hotpot,hotpot:178146
40024,easy_high,hotpot,hotpot:40024
93422,medium_mid,nq,nq:93422
71580,medium_mid,hotpot,hotpot:71580
74416,medium_mid,nq,nq:74416
100438,hard,nq,nq:100438
108850,easy_high,hotpot,hotpot:108850
178276,medium_mid,hotpot,hotpot:178276
123524,medium_mid,hotpot,hotpot:123524
110498,hard,hotpot,hotpot:110498
164550,medium_low,hotpot,hotpot:164550
137092,medium_low,nq,nq:137092
124998,medium_high,nq,nq:124998
109564,medium_high,nq,nq:109564
34532,medium_high,nq,nq:34532
159806,easy_high,hotpot,hotpot:159806
129182,medium_mid,hotpot,hotpot:129182
96438,easy_high,nq,nq:96438
178674,easy_high,hotpot,hotpot:178674
107240,medium_high,nq,nq:107240
83838,medium_mid,nq,nq:83838
35460,medium_high,nq,nq:35460
57066,medium_low,nq,nq:57066
124272,medium_high,hotpot,hotpot:124272
120768,medium_mid,hotpot,hotpot:120768
108642,medium_high,hotpot,hotpot:108642
113448,easy_high,nq,nq:113448
152098,hard,nq,nq:152098
97322,easy_high,nq,nq:97322
40538,medium_low,nq,nq:40538
74110,easy_high,nq,nq:74110
92236,easy_high,nq,nq:92236
64056,medium_mid,nq,nq:64056
35924,easy_high,nq,nq:35924
91412,medium_low,hotpot,hotpot:91412
117138,medium_high,hotpot,hotpot:117138
85270,medium_mid,hotpot,hotpot:85270
4188,easy_high,nq,nq:4188
55330,medium_mid,hotpot,hotpot:55330
91584,medium_high,hotpot,hotpot:91584
96200,medium_low,nq,nq:96200
124854,easy_high,hotpot,hotpot:124854
67268,easy_high,nq,nq:67268
78294,easy_high,nq,nq:78294
83636,easy_high,hotpot,hotpot:83636
156254,hard,nq,nq:156254
149318,easy_high,nq,nq:149318
149734,easy_high,nq,nq:149734
61194,medium_high,hotpot,hotpot:61194
22902,hard,nq,nq:22902
151276,medium_high,nq,nq:151276
14162,easy_high,hotpot,hotpot:14162
167654,easy_high,hotpot,hotpot:167654
109250,medium_mid,nq,nq:109250
128988,medium_high,nq,nq:128988
139888,hard,hotpot,hotpot:139888
73928,medium_low,hotpot,hotpot:73928
151178,easy_high,nq,nq:151178
36084,hard,hotpot,hotpot:36084
106982,medium_mid,nq,nq:106982
148096,easy_high,hotpot,hotpot:148096
512,medium_low,nq,nq:512
80064,medium_mid,nq,nq:80064
102648,medium_mid,nq,nq:102648
11772,medium_high,nq,nq:11772
93970,medium_low,hotpot,hotpot:93970
15798,medium_mid,hotpot,hotpot:15798
77414,easy_high,hotpot,hotpot:77414
93998,medium_high,hotpot,hotpot:93998
116526,medium_mid,nq,nq:116526
147596,easy_high,nq,nq:147596
28890,medium_mid,nq,nq:28890
59678,medium_low,nq,nq:59678
37516,hard,nq,nq:37516
177442,easy_high,hotpot,hotpot:177442
59758,medium_high,nq,nq:59758
39876,easy_high,hotpot,hotpot:39876
149888,medium_mid,nq,nq:149888
45690,medium_low,hotpot,hotpot:45690
46178,easy_high,hotpot,hotpot:46178
1900,easy_high,nq,nq:1900
97790,easy_high,nq,nq:97790
100410,easy_high,nq,nq:100410
75036,easy_high,hotpot,hotpot:75036
43364,medium_high,hotpot,hotpot:43364
166416,medium_high,hotpot,hotpot:166416
132790,easy_high,hotpot,hotpot:132790
60600,medium_low,hotpot,hotpot:60600
101758,hard,nq,nq:101758
166598,medium_mid,hotpot,hotpot:166598
179376,medium_low,hotpot,hotpot:179376
21222,medium_high,nq,nq:21222
93036,easy_high,hotpot,hotpot:93036
115828,medium_high,hotpot,hotpot:115828
129122,medium_mid,hotpot,hotpot:129122
111978,medium_mid,hotpot,hotpot:111978
50376,medium_high,nq,nq:50376
10724,medium_low,nq,nq:10724
176754,easy_high,hotpot,hotpot:176754
98506,medium_mid,nq,nq:98506
7780,easy_high,nq,nq:7780
157466,medium_mid,nq,nq:157466
145942,medium_high,hotpot,hotpot:145942
90,medium_low,hotpot,hotpot:90
67516,medium_high,hotpot,hotpot:67516
51666,easy_high,nq,nq:51666
48638,medium_low,hotpot,hotpot:48638
24676,medium_low,hotpot,hotpot:24676
137428,hard,hotpot,hotpot:137428
154222,medium_high,hotpot,hotpot:154222
33960,medium_high,hotpot,hotpot:33960
42140,easy_high,nq,nq:42140
167946,hard,hotpot,hotpot:167946
124214,medium_high,nq,nq:124214
36804,medium_mid,hotpot,hotpot:36804
65254,medium_high,hotpot,hotpot:65254
163262,easy_high,hotpot,hotpot:163262
116682,medium_high,hotpot,hotpot:116682
114702,medium_mid,nq,nq:114702
21524,medium_high,hotpot,hotpot:21524
73524,easy_high,nq,nq:73524
89796,easy_high,hotpot,hotpot:89796
146190,easy_high,hotpot,hotpot:146190
97896,medium_mid,hotpot,hotpot:97896
167336,easy_high,hotpot,hotpot:167336
81912,medium_high,nq,nq:81912
154732,medium_high,hotpot,hotpot:154732
149650,easy_high,hotpot,hotpot:149650
78992,medium_mid,nq,nq:78992
17024,medium_mid,hotpot,hotpot:17024
3786,easy_high,hotpot,hotpot:3786
125236,easy_high,nq,nq:125236
137978,medium_high,hotpot,hotpot:137978
13114,medium_mid,hotpot,hotpot:13114
15036,medium_mid,nq,nq:15036
36866,medium_high,nq,nq:36866
48912,medium_mid,hotpot,hotpot:48912
72870,medium_high,nq,nq:72870
175638,medium_high,hotpot,hotpot:175638
20688,medium_high,nq,nq:20688
4248,medium_mid,hotpot,hotpot:4248
100128,medium_mid,nq,nq:100128
171830,easy_high,hotpot,hotpot:171830
84654,medium_high,nq,nq:84654
29978,hard,nq,nq:29978
31356,medium_high,nq,nq:31356
102066,medium_mid,nq,nq:102066
142700,easy_high,hotpot,hotpot:142700
175682,medium_mid,hotpot,hotpot:175682
111054,medium_high,hotpot,hotpot:111054
61610,medium_mid,hotpot,hotpot:61610
56550,medium_low,nq,nq:56550
51822,medium_mid,nq,nq:51822
66464,medium_low,hotpot,hotpot:66464
1580,medium_mid,nq,nq:1580
8768,easy_high,nq,nq:8768
81676,hard,nq,nq:81676
114244,hard,hotpot,hotpot:114244
10242,medium_high,hotpot,hotpot:10242
43950,medium_high,nq,nq:43950
67736,medium_mid,hotpot,hotpot:67736
142418,easy_high,hotpot,hotpot:142418
49576,hard,hotpot,hotpot:49576
68662,medium_low,hotpot,hotpot:68662
153428,medium_mid,hotpot,hotpot:153428
97452,medium_low,nq,nq:97452
72344,medium_high,nq,nq:72344
136278,hard,nq,nq:136278
55222,medium_low,hotpot,hotpot:55222
127382,medium_mid,hotpot,hotpot:127382
163978,easy_high,hotpot,hotpot:163978
162478,medium_mid,hotpot,hotpot:162478
24906,medium_low,hotpot,hotpot:24906
20296,medium_low,nq,nq:20296
1858,easy_high,nq,nq:1858
120730,hard,nq,nq:120730
71368,medium_low,hotpot,hotpot:71368
128950,medium_low,nq,nq:128950
107408,easy_high,hotpot,hotpot:107408
542,easy_high,hotpot,hotpot:542
170034,medium_mid,hotpot,hotpot:170034
121912,hard,hotpot,hotpot:121912
154948,medium_mid,hotpot,hotpot:154948
130378,medium_high,nq,nq:130378
66864,medium_mid,hotpot,hotpot:66864
84174,easy_high,nq,nq:84174
84462,easy_high,hotpot,hotpot:84462
51338,medium_low,hotpot,hotpot:51338
78310,medium_mid,nq,nq:78310
151258,easy_high,nq,nq:151258
56374,medium_mid,hotpot,hotpot:56374
120130,medium_mid,nq,nq:120130
70064,medium_mid,nq,nq:70064
31862,hard,nq,nq:31862
136174,hard,nq,nq:136174
74272,easy_high,nq,nq:74272
4696,medium_high,hotpot,hotpot:4696
14694,medium_high,nq,nq:14694
19392,medium_low,hotpot,hotpot:19392
53208,easy_high,nq,nq:53208
50892,easy_high,hotpot,hotpot:50892
80922,medium_high,hotpot,hotpot:80922
4864,hard,hotpot,hotpot:4864
115232,easy_high,nq,nq:115232
38754,medium_high,nq,nq:38754
23828,medium_high,hotpot,hotpot:23828
101258,easy_high,nq,nq:101258
1532,medium_mid,hotpot,hotpot:1532
39150,medium_mid,hotpot,hotpot:39150
14116,medium_high,nq,nq:14116
159516,medium_mid,hotpot,hotpot:159516
7030,easy_high,nq,nq:7030
144218,medium_mid,hotpot,hotpot:144218
67972,easy_high,hotpot,hotpot:67972
147090,easy_high,hotpot,hotpot:147090
151348,hard,hotpot,hotpot:151348
95992,easy_high,nq,nq:95992
13176,medium_mid,nq,nq:13176
62984,medium_mid,hotpot,hotpot:62984
1506,medium_low,nq,nq:1506
42516,hard,nq,nq:42516
7968,easy_high,nq,nq:7968
23324,medium_high,nq,nq:23324
135056,medium_high,hotpot,hotpot:135056
63808,medium_mid,nq,nq:63808
51850,easy_high,hotpot,hotpot:51850
42552,medium_high,hotpot,hotpot:42552
150266,medium_mid,hotpot,hotpot:150266
95572,medium_high,hotpot,hotpot:95572
15738,easy_high,hotpot,hotpot:15738
73280,medium_high,hotpot,hotpot:73280
5426,medium_high,nq,nq:5426
103936,medium_mid,nq,nq:103936
31782,easy_high,hotpot,hotpot:31782
102216,medium_high,nq,nq:102216
63222,medium_mid,nq,nq:63222
12958,medium_mid,hotpot,hotpot:12958
84558,medium_low,nq,nq:84558
3874,easy_high,hotpot,hotpot:3874
27282,medium_mid,nq,nq:27282
66218,medium_mid,nq,nq:66218
112684,medium_high,nq,nq:112684
19502,medium_high,nq,nq:19502
125426,medium_mid,hotpot,hotpot:125426
175278,medium_high,hotpot,hotpot:175278
83512,medium_low,nq,nq:83512
99910,easy_high,nq,nq:99910
5542,easy_high,hotpot,hotpot:5542
3658,medium_high,hotpot,hotpot:3658
74868,medium_mid,nq,nq:74868
148106,medium_low,nq,nq:148106
110656,medium_mid,nq,nq:110656
20298,hard,nq,nq:20298
163856,medium_high,hotpot,hotpot:163856
69080,easy_high,hotpot,hotpot:69080
90644,easy_high,nq,nq:90644
117774,medium_mid,hotpot,hotpot:117774
128306,easy_high,hotpot,hotpot:128306
177940,medium_low,hotpot,hotpot:177940
99218,medium_mid,nq,nq:99218
129456,medium_mid,nq,nq:129456
4882,easy_high,nq,nq:4882
16414,medium_mid,nq,nq:16414
42724,medium_low,hotpot,hotpot:42724
146962,medium_high,nq,nq:146962
28054,medium_mid,hotpot,hotpot:28054
139084,medium_low,nq,nq:139084
135766,medium_mid,hotpot,hotpot:135766
24828,medium_mid,hotpot,hotpot:24828
130338,medium_high,hotpot,hotpot:130338
50004,easy_high,nq,nq:50004
19168,medium_mid,nq,nq:19168
180312,hard,hotpot,hotpot:180312
90058,easy_high,hotpot,hotpot:90058
115532,easy_high,hotpot,hotpot:115532
140484,hard,nq,nq:140484
147692,medium_high,nq,nq:147692
29446,medium_mid,hotpot,hotpot:29446
138746,easy_high,hotpot,hotpot:138746
91154,medium_low,hotpot,hotpot:91154
23560,medium_high,nq,nq:23560
107340,medium_mid,hotpot,hotpot:107340
170770,medium_high,hotpot,hotpot:170770
53634,medium_high,hotpot,hotpot:53634
31350,medium_high,hotpot,hotpot:31350
54208,medium_low,nq,nq:54208
72986,medium_high,nq,nq:72986
123976,medium_low,hotpot,hotpot:123976
96062,hard,hotpot,hotpot:96062
105530,easy_high,nq,nq:105530
162814,hard,hotpot,hotpot:162814
37362,medium_high,hotpot,hotpot:37362
76548,medium_low,nq,nq:76548
133212,hard,nq,nq:133212
114574,hard,nq,nq:114574
994,medium_high,hotpot,hotpot:994
33882,medium_mid,nq,nq:33882
89042,medium_high,hotpot,hotpot:89042
155698,medium_low,nq,nq:155698
49156,medium_mid,nq,nq:49156
22160,hard,nq,nq:22160
119556,easy_high,nq,nq:119556
39980,easy_high,nq,nq:39980
121264,medium_mid,hotpot,hotpot:121264
18550,hard,nq,nq:18550
119706,easy_high,nq,nq:119706
53946,medium_low,nq,nq:53946
124966,medium_mid,nq,nq:124966
75506,easy_high,nq,nq:75506
49228,medium_high,hotpot,hotpot:49228
175892,medium_mid,hotpot,hotpot:175892
130830,hard,nq,nq:130830
82,medium_mid,nq,nq:82
110850,medium_high,hotpot,hotpot:110850
43652,medium_mid,hotpot,hotpot:43652
54766,medium_low,hotpot,hotpot:54766
60150,easy_high,hotpot,hotpot:60150
56508,hard,hotpot,hotpot:56508
51588,medium_high,hotpot,hotpot:51588
156496,medium_high,nq,nq:156496
100592,easy_high,nq,nq:100592
28282,easy_high,nq,nq:28282
121096,medium_mid,nq,nq:121096
63548,easy_high,nq,nq:63548
70782,medium_mid,nq,nq:70782
107012,easy_high,nq,nq:107012
29612,easy_high,nq,nq:29612
55076,medium_low,hotpot,hotpot:55076
179156,easy_high,hotpot,hotpot:179156
175386,medium_high,hotpot,hotpot:175386
125520,medium_high,hotpot,hotpot:125520
102798,easy_high,nq,nq:102798
88988,medium_mid,nq,nq:88988
76872,medium_mid,hotpot,hotpot:76872
61694,hard,nq,nq:61694
143926,medium_mid,hotpot,hotpot:143926
6412,medium_mid,nq,nq:6412
133386,hard,nq,nq:133386
126148,medium_mid,hotpot,hotpot:126148
145492,easy_high,hotpot,hotpot:145492
102228,medium_high,hotpot,hotpot:102228
75662,medium_mid,nq,nq:75662
34918,hard,hotpot,hotpot:34918
17168,easy_high,nq,nq:17168
7748,easy_high,nq,nq:7748
113358,medium_low,nq,nq:113358
141284,medium_high,nq,nq:141284
152476,medium_low,nq,nq:152476
74042,easy_high,hotpot,hotpot:74042
74576,medium_high,hotpot,hotpot:74576
86108,medium_high,nq,nq:86108
144528,hard,nq,nq:144528
107058,medium_high,nq,nq:107058
126002,hard,nq,nq:126002
75048,medium_high,nq,nq:75048
72670,medium_high,hotpot,hotpot:72670
126236,easy_high,hotpot,hotpot:126236
22318,medium_high,nq,nq:22318
68110,medium_mid,hotpot,hotpot:68110
62796,hard,nq,nq:62796
10164,medium_high,nq,nq:10164
106982,easy_high,hotpot,hotpot:106982
9042,easy_high,hotpot,hotpot:9042
141780,medium_low,hotpot,hotpot:141780
22474,medium_mid,nq,nq:22474
75068,medium_high,hotpot,hotpot:75068
25436,medium_mid,hotpot,hotpot:25436
33090,easy_high,hotpot,hotpot:33090
67708,medium_low,hotpot,hotpot:67708
52996,hard,hotpot,hotpot:52996
60240,medium_high,hotpot,hotpot:60240
131440,medium_high,nq,nq:131440
60134,easy_high,hotpot,hotpot:60134
32074,easy_high,nq,nq:32074
65144,medium_low,hotpot,hotpot:65144
137896,hard,hotpot,hotpot:137896
12216,medium_mid,nq,nq:12216
35946,hard,nq,nq:35946
56714,easy_high,nq,nq:56714
127308,hard,hotpot,hotpot:127308
16080,medium_mid,nq,nq:16080
37968,hard,nq,nq:37968
122540,medium_mid,nq,nq:122540
91124,easy_high,hotpot,hotpot:91124
12706,medium_mid,nq,nq:12706
100838,hard,nq,nq:100838
148438,easy_high,nq,nq:148438
35834,medium_low,hotpot,hotpot:35834
46916,medium_low,hotpot,hotpot:46916
164864,medium_high,hotpot,hotpot:164864
125292,medium_high,nq,nq:125292
104878,easy_high,nq,nq:104878
88472,easy_high,hotpot,hotpot:88472
91158,medium_mid,hotpot,hotpot:91158
52048,medium_low,hotpot,hotpot:52048
29348,medium_high,nq,nq:29348
137596,medium_mid,nq,nq:137596
129672,medium_mid,nq,nq:129672
151880,medium_high,nq,nq:151880
64420,medium_high,nq,nq:64420
62584,medium_low,nq,nq:62584
140462,medium_high,nq,nq:140462
121080,medium_mid,hotpot,hotpot:121080
67690,hard,hotpot,hotpot:67690
108522,medium_low,hotpot,hotpot:108522
126262,easy_high,hotpot,hotpot:126262
40932,medium_low,hotpot,hotpot:40932
41252,easy_high,nq,nq:41252
177446,medium_high,hotpot,hotpot:177446
80622,medium_mid,nq,nq:80622
166966,medium_low,hotpot,hotpot:166966
87728,medium_mid,nq,nq:87728
137708,easy_high,hotpot,hotpot:137708
125830,medium_mid,nq,nq:125830
89398,medium_high,nq,nq:89398
9424,hard,nq,nq:9424
147922,medium_high,nq,nq:147922
48948,medium_low,nq,nq:48948
75352,medium_low,nq,nq:75352
104756,easy_high,hotpot,hotpot:104756
17602,easy_high,hotpot,hotpot:17602
164424,easy_high,hotpot,hotpot:164424
48852,medium_mid,nq,nq:48852
103442,medium_mid,nq,nq:103442
88906,medium_high,hotpot,hotpot:88906
61166,medium_low,hotpot,hotpot:61166
68862,easy_high,hotpot,hotpot:68862
61202,medium_high,hotpot,hotpot:61202
8272,medium_low,hotpot,hotpot:8272
98062,medium_mid,hotpot,hotpot:98062
97810,medium_mid,nq,nq:97810
104356,medium_low,hotpot,hotpot:104356
170014,medium_high,hotpot,hotpot:170014
35042,medium_high,nq,nq:35042
80526,medium_low,nq,nq:80526
108818,medium_mid,nq,nq:108818
16192,easy_high,hotpot,hotpot:16192
89180,easy_high,nq,nq:89180
31292,medium_high,nq,nq:31292
116790,medium_high,nq,nq:116790
37948,medium_high,hotpot,hotpot:37948
14638,medium_high,hotpot,hotpot:14638
163294,hard,hotpot,hotpot:163294
31968,medium_low,nq,nq:31968
146078,medium_mid,nq,nq:146078
143142,medium_mid,hotpot,hotpot:143142
35086,medium_high,hotpot,hotpot:35086
152824,easy_high,hotpot,hotpot:152824
59980,medium_mid,nq,nq:59980
142774,medium_low,nq,nq:142774
9664,medium_mid,nq,nq:9664
594,medium_mid,nq,nq:594
64936,medium_low,nq,nq:64936
15992,medium_mid,hotpot,hotpot:15992
2750,medium_high,nq,nq:2750
21162,medium_mid,nq,nq:21162
5724,easy_high,nq,nq:5724
41284,easy_high,nq,nq:41284
56992,medium_mid,hotpot,hotpot:56992
94114,easy_high,nq,nq:94114
11882,easy_high,hotpot,hotpot:11882
90246,medium_high,hotpot,hotpot:90246
55300,medium_mid,nq,nq:55300
83292,hard,nq,nq:83292
89100,hard,hotpot,hotpot:89100
27772,medium_mid,hotpot,hotpot:27772
154156,medium_mid,nq,nq:154156
140838,easy_high,nq,nq:140838
85368,medium_mid,nq,nq:85368
105308,medium_high,nq,nq:105308
9752,easy_high,nq,nq:9752
75020,medium_mid,nq,nq:75020
147716,hard,hotpot,hotpot:147716
37752,easy_high,nq,nq:37752
83402,easy_high,nq,nq:83402
20792,easy_high,hotpot,hotpot:20792
100412,medium_mid,hotpot,hotpot:100412
69340,medium_high,nq,nq:69340
63448,medium_high,nq,nq:63448
133320,easy_high,hotpot,hotpot:133320
74476,hard,hotpot,hotpot:74476
125366,medium_high,hotpot,hotpot:125366
16762,medium_mid,nq,nq:16762
54140,medium_high,hotpot,hotpot:54140
157728,medium_low,nq,nq:157728
37264,medium_high,hotpot,hotpot:37264
145022,hard,hotpot,hotpot:145022
165362,medium_high,hotpot,hotpot:165362
155338,medium_mid,hotpot,hotpot:155338
135644,medium_high,hotpot,hotpot:135644
150312,hard,hotpot,hotpot:150312
7990,hard,hotpot,hotpot:7990
15958,easy_high,hotpot,hotpot:15958
130716,easy_high,hotpot,hotpot:130716
22538,medium_low,hotpot,hotpot:22538
50062,easy_high,nq,nq:50062
115086,medium_high,nq,nq:115086
111790,medium_mid,nq,nq:111790
158080,medium_high,nq,nq:158080
28922,medium_high,nq,nq:28922
99818,medium_mid,nq,nq:99818
165962,hard,hotpot,hotpot:165962
123776,medium_high,hotpot,hotpot:123776
103214,medium_low,nq,nq:103214
148798,medium_high,nq,nq:148798
85712,medium_mid,hotpot,hotpot:85712
39330,medium_mid,hotpot,hotpot:39330
126602,easy_high,nq,nq:126602
143478,medium_mid,hotpot,hotpot:143478
56632,hard,nq,nq:56632
88854,medium_low,nq,nq:88854
75832,medium_high,nq,nq:75832
109308,easy_high,hotpot,hotpot:109308
9014,hard,hotpot,hotpot:9014
135984,medium_high,nq,nq:135984
142278,easy_high,nq,nq:142278
96668,easy_high,hotpot,hotpot:96668
15346,medium_high,nq,nq:15346
53438,medium_mid,hotpot,hotpot:53438
111078,easy_high,hotpot,hotpot:111078
133756,medium_mid,nq,nq:133756
105202,medium_low,nq,nq:105202
175888,medium_low,hotpot,hotpot:175888
39550,easy_high,hotpot,hotpot:39550
85426,medium_low,hotpot,hotpot:85426
61994,medium_high,hotpot,hotpot:61994
145718,medium_high,hotpot,hotpot:145718
29394,medium_mid,nq,nq:29394
66826,easy_high,nq,nq:66826
125238,easy_high,nq,nq:125238
55642,medium_high,nq,nq:55642
113206,medium_mid,hotpot,hotpot:113206
123114,medium_low,hotpot,hotpot:123114
168098,medium_high,hotpot,hotpot:168098
123210,medium_high,hotpot,hotpot:123210
137740,medium_low,hotpot,hotpot:137740
55024,medium_mid,hotpot,hotpot:55024
54048,easy_high,hotpot,hotpot:54048
76420,medium_high,nq,nq:76420
107026,easy_high,hotpot,hotpot:107026
87750,medium_mid,hotpot,hotpot:87750
40160,medium_high,nq,nq:40160
89256,easy_high,nq,nq:89256
140234,medium_high,hotpot,hotpot:140234
98374,hard,hotpot,hotpot:98374
80158,easy_high,nq,nq:80158
136796,medium_mid,hotpot,hotpot:136796
37086,medium_mid,nq,nq:37086
152918,medium_high,nq,nq:152918
101968,medium_high,hotpot,hotpot:101968
112672,medium_low,hotpot,hotpot:112672
129022,hard,nq,nq:129022
9282,medium_mid,nq,nq:9282
9486,medium_mid,nq,nq:9486
17710,medium_mid,nq,nq:17710
134272,medium_low,hotpot,hotpot:134272
61626,medium_low,nq,nq:61626
95584,medium_high,nq,nq:95584
96386,medium_low,nq,nq:96386
116046,medium_mid,nq,nq:116046
50674,medium_mid,nq,nq:50674
133638,easy_high,nq,nq:133638
37282,hard,hotpot,hotpot:37282
154106,hard,hotpot,hotpot:154106
156096,medium_low,nq,nq:156096
5622,hard,nq,nq:5622
89316,medium_high,hotpot,hotpot:89316
49782,medium_high,nq,nq:49782
53766,hard,nq,nq:53766
32360,hard,hotpot,hotpot:32360
76168,easy_high,hotpot,hotpot:76168
154818,easy_high,nq,nq:154818
176580,easy_high,hotpot,hotpot:176580
144170,medium_mid,hotpot,hotpot:144170
21558,medium_mid,nq,nq:21558
104962,easy_high,nq,nq:104962
129906,easy_high,hotpot,hotpot:129906
98728,medium_mid,hotpot,hotpot:98728
130134,medium_mid,nq,nq:130134
22734,medium_low,hotpot,hotpot:22734
120566,medium_low,hotpot,hotpot:120566
37526,easy_high,nq,nq:37526
128558,medium_low,hotpot,hotpot:128558
125694,medium_mid,nq,nq:125694
18100,medium_mid,nq,nq:18100
60648,medium_mid,hotpot,hotpot:60648
155666,medium_mid,nq,nq:155666
89046,medium_high,nq,nq:89046
3844,easy_high,hotpot,hotpot:3844
177144,hard,hotpot,hotpot:177144
79684,medium_mid,nq,nq:79684
32126,easy_high,hotpot,hotpot:32126
144672,easy_high,hotpot,hotpot:144672
97116,easy_high,nq,nq:97116
146186,medium_mid,hotpot,hotpot:146186
79398,easy_high,nq,nq:79398
154420,easy_high,nq,nq:154420
91428,medium_mid,nq,nq:91428
108536,easy_high,nq,nq:108536
130946,easy_high,nq,nq:130946
28498,easy_high,nq,nq:28498
92138,medium_mid,hotpot,hotpot:92138
126436,medium_high,hotpot,hotpot:126436
93184,medium_mid,nq,nq:93184
147058,easy_high,nq,nq:147058
5700,medium_mid,nq,nq:5700
122840,medium_high,hotpot,hotpot:122840
47400,medium_high,nq,nq:47400
136214,medium_mid,nq,nq:136214
61988,medium_high,hotpot,hotpot:61988
116108,medium_high,nq,nq:116108
119920,medium_high,hotpot,hotpot:119920
13516,medium_low,hotpot,hotpot:13516
177750,easy_high,hotpot,hotpot:177750
137018,easy_high,hotpot,hotpot:137018
33716,easy_high,nq,nq:33716
144688,medium_low,hotpot,hotpot:144688
165334,medium_high,hotpot,hotpot:165334
43140,medium_mid,nq,nq:43140
148252,medium_mid,nq,nq:148252
49288,medium_high,nq,nq:49288
57020,medium_low,nq,nq:57020
16036,easy_high,nq,nq:16036
137428,medium_low,nq,nq:137428
37296,medium_high,hotpot,hotpot:37296
89880,medium_low,hotpot,hotpot:89880
88362,easy_high,nq,nq:88362
155432,easy_high,nq,nq:155432
118822,medium_high,hotpot,hotpot:118822
18420,hard,hotpot,hotpot:18420
87946,medium_low,hotpot,hotpot:87946
49106,medium_high,nq,nq:49106
95208,medium_mid,hotpot,hotpot:95208
140448,easy_high,hotpot,hotpot:140448
22394,easy_high,hotpot,hotpot:22394
113376,easy_high,nq,nq:113376
8146,medium_high,hotpot,hotpot:8146
149500,medium_low,nq,nq:149500
86226,medium_low,hotpot,hotpot:86226
858,medium_low,hotpot,hotpot:858
39394,easy_high,hotpot,hotpot:39394
107004,medium_high,nq,nq:107004
138206,medium_low,nq,nq:138206
169482,easy_high,hotpot,hotpot:169482
51764,easy_high,hotpot,hotpot:51764
137016,medium_mid,nq,nq:137016
178430,medium_high,hotpot,hotpot:178430
112862,medium_mid,hotpot,hotpot:112862
14084,medium_high,hotpot,hotpot:14084
42808,medium_mid,nq,nq:42808
88554,medium_mid,hotpot,hotpot:88554
48696,easy_high,hotpot,hotpot:48696
54506,easy_high,nq,nq:54506
99716,medium_low,hotpot,hotpot:99716
128950,easy_high,hotpot,hotpot:128950
98834,hard,hotpot,hotpot:98834
110076,medium_mid,nq,nq:110076
108122,easy_high,nq,nq:108122
4028,medium_mid,hotpot,hotpot:4028
38122,medium_low,hotpot,hotpot:38122
153430,medium_mid,hotpot,hotpot:153430
137798,medium_high,nq,nq:137798
115440,easy_high,hotpot,hotpot:115440
42222,easy_high,nq,nq:42222
44626,easy_high,hotpot,hotpot:44626
35192,easy_high,hotpot,hotpot:35192
39842,medium_mid,nq,nq:39842
1796,hard,nq,nq:1796
33058,easy_high,hotpot,hotpot:33058
71516,medium_mid,hotpot,hotpot:71516
172590,hard,hotpot,hotpot:172590
113654,easy_high,nq,nq:113654
103294,medium_low,hotpot,hotpot:103294
147280,medium_mid,hotpot,hotpot:147280
165780,medium_mid,hotpot,hotpot:165780
49626,medium_high,hotpot,hotpot:49626
103690,medium_low,nq,nq:103690
53356,medium_mid,hotpot,hotpot:53356
113960,medium_mid,nq,nq:113960
6306,medium_low,hotpot,hotpot:6306
82048,medium_high,hotpot,hotpot:82048
12132,medium_high,hotpot,hotpot:12132
88604,medium_high,hotpot,hotpot:88604
128364,medium_mid,hotpot,hotpot:128364
26148,medium_high,hotpot,hotpot:26148
65028,medium_mid,nq,nq:65028
21932,medium_mid,hotpot,hotpot:21932
99706,medium_low,nq,nq:99706
109536,easy_high,hotpot,hotpot:109536
69776,medium_low,nq,nq:69776
77002,medium_mid,hotpot,hotpot:77002
57366,medium_low,nq,nq:57366
109128,medium_mid,nq,nq:109128
105032,easy_high,nq,nq:105032
50318,easy_high,nq,nq:50318
108198,medium_mid,nq,nq:108198
105330,medium_mid,nq,nq:105330
94710,medium_high,nq,nq:94710
117954,hard,hotpot,hotpot:117954
16426,medium_high,nq,nq:16426
4938,medium_low,hotpot,hotpot:4938
95912,medium_low,nq,nq:95912
17796,hard,hotpot,hotpot:17796
100826,medium_low,nq,nq:100826
57088,medium_mid,nq,nq:57088
166788,medium_mid,hotpot,hotpot:166788
31348,easy_high,nq,nq:31348
112,hard,nq,nq:112
44068,medium_low,hotpot,hotpot:44068
131542,easy_high,nq,nq:131542
3924,medium_low,nq,nq:3924
24168,easy_high,nq,nq:24168
12928,medium_low,nq,nq:12928
121412,easy_high,hotpot,hotpot:121412
103074,medium_mid,hotpot,hotpot:103074
32740,easy_high,hotpot,hotpot:32740
74994,medium_mid,nq,nq:74994
38706,medium_low,nq,nq:38706
24204,medium_high,hotpot,hotpot:24204
14882,medium_high,nq,nq:14882
66006,medium_high,hotpot,hotpot:66006
104262,medium_low,hotpot,hotpot:104262
102918,medium_high,nq,nq:102918
46034,medium_low,nq,nq:46034
84742,easy_high,nq,nq:84742
179678,medium_high,hotpot,hotpot:179678
102148,medium_mid,nq,nq:102148
24886,medium_mid,hotpot,hotpot:24886
65848,easy_high,hotpot,hotpot:65848
118966,easy_high,nq,nq:118966
82408,hard,nq,nq:82408
144656,medium_high,nq,nq:144656
17600,medium_high,nq,nq:17600
150738,medium_mid,nq,nq:150738
66546,easy_high,hotpot,hotpot:66546
102374,medium_mid,hotpot,hotpot:102374
31864,medium_low,nq,nq:31864
94152,medium_mid,nq,nq:94152
104212,hard,hotpot,hotpot:104212
154654,medium_low,hotpot,hotpot:154654
84610,medium_mid,hotpot,hotpot:84610
84994,medium_low,nq,nq:84994
73772,hard,hotpot,hotpot:73772
127308,medium_mid,nq,nq:127308
62178,medium_low,hotpot,hotpot:62178
144008,medium_high,nq,nq:144008
90846,hard,nq,nq:90846
162746,easy_high,hotpot,hotpot:162746
44052,medium_high,nq,nq:44052
168486,hard,hotpot,hotpot:168486
174668,medium_high,hotpot,hotpot:174668
173686,easy_high,hotpot,hotpot:173686
145376,easy_high,nq,nq:145376
102486,medium_mid,hotpot,hotpot:102486
123338,medium_low,nq,nq:123338
103010,hard,hotpot,hotpot:103010
75304,hard,nq,nq:75304
10748,medium_mid,hotpot,hotpot:10748
27246,medium_low,nq,nq:27246
109876,medium_mid,nq,nq:109876
30632,easy_high,nq,nq:30632
22936,easy_high,hotpot,hotpot:22936
8538,easy_high,nq,nq:8538
13610,easy_high,hotpot,hotpot:13610
133084,easy_high,hotpot,hotpot:133084
39574,hard,hotpot,hotpot:39574
61108,medium_high,nq,nq:61108
101744,medium_mid,nq,nq:101744
63178,easy_high,nq,nq:63178
33966,medium_high,hotpot,hotpot:33966
143316,hard,hotpot,hotpot:143316
58174,easy_high,hotpot,hotpot:58174
99966,easy_high,hotpot,hotpot:99966
131734,easy_high,nq,nq:131734
47710,easy_high,hotpot,hotpot:47710
113104,easy_high,hotpot,hotpot:113104
116156,medium_low,hotpot,hotpot:116156
75382,medium_mid,nq,nq:75382
109368,medium_low,hotpot,hotpot:109368
83860,medium_low,hotpot,hotpot:83860
84688,hard,hotpot,hotpot:84688
24204,medium_high,nq,nq:24204
93808,medium_high,hotpot,hotpot:93808
145334,medium_mid,nq,nq:145334
57024,medium_high,hotpot,hotpot:57024
140914,medium_high,nq,nq:140914
76898,medium_low,nq,nq:76898
98244,easy_high,nq,nq:98244
88670,medium_mid,nq,nq:88670
40994,easy_high,hotpot,hotpot:40994
110088,medium_mid,hotpot,hotpot:110088
25690,easy_high,nq,nq:25690
157394,easy_high,hotpot,hotpot:157394
15418,medium_low,hotpot,hotpot:15418
12270,easy_high,nq,nq:12270
97470,medium_high,nq,nq:97470
109284,medium_mid,hotpot,hotpot:109284
63852,medium_low,nq,nq:63852
2564,easy_high,hotpot,hotpot:2564
22760,easy_high,nq,nq:22760
102342,medium_mid,nq,nq:102342
172306,easy_high,hotpot,hotpot:172306
141928,medium_low,nq,nq:141928
58416,medium_low,nq,nq:58416
61260,medium_high,nq,nq:61260
134684,medium_mid,nq,nq:134684
94414,medium_mid,nq,nq:94414
104670,medium_high,nq,nq:104670
98188,medium_high,hotpot,hotpot:98188
22676,medium_mid,hotpot,hotpot:22676
20964,medium_mid,nq,nq:20964
103534,medium_mid,nq,nq:103534
163306,easy_high,hotpot,hotpot:163306
73818,medium_high,hotpot,hotpot:73818
165428,medium_high,hotpot,hotpot:165428
18044,medium_mid,nq,nq:18044
44656,medium_mid,nq,nq:44656
152886,medium_high,nq,nq:152886
33556,medium_mid,hotpot,hotpot:33556
30972,medium_high,hotpot,hotpot:30972
174066,medium_mid,hotpot,hotpot:174066
3448,medium_low,nq,nq:3448
15198,easy_high,nq,nq:15198
18454,easy_high,nq,nq:18454
69016,medium_high,nq,nq:69016
169186,hard,hotpot,hotpot:169186
101882,medium_mid,hotpot,hotpot:101882
139646,medium_mid,nq,nq:139646
74840,medium_high,hotpot,hotpot:74840
24478,medium_high,nq,nq:24478
136764,medium_high,nq,nq:136764
79586,medium_high,hotpot,hotpot:79586
149650,medium_high,nq,nq:149650
81412,medium_low,hotpot,hotpot:81412
146030,easy_high,hotpot,hotpot:146030
125636,medium_mid,nq,nq:125636
125806,medium_high,hotpot,hotpot:125806
160780,easy_high,hotpot,hotpot:160780
102790,medium_high,hotpot,hotpot:102790
43336,medium_low,nq,nq:43336
74078,medium_high,nq,nq:74078
146174,hard,hotpot,hotpot:146174
58426,medium_high,hotpot,hotpot:58426
9944,easy_high,nq,nq:9944
171374,medium_low,hotpot,hotpot:171374
74404,easy_high,hotpot,hotpot:74404
116048,medium_high,hotpot,hotpot:116048
98706,hard,nq,nq:98706
49018,medium_high,hotpot,hotpot:49018
52860,medium_mid,nq,nq:52860
134200,medium_mid,hotpot,hotpot:134200
139392,easy_high,nq,nq:139392
69450,medium_high,hotpot,hotpot:69450
88310,hard,nq,nq:88310
69858,medium_high,nq,nq:69858
1152,medium_high,nq,nq:1152
15238,hard,hotpot,hotpot:15238
106328,easy_high,nq,nq:106328
127920,medium_high,hotpot,hotpot:127920
102732,easy_high,hotpot,hotpot:102732
124536,easy_high,hotpot,hotpot:124536
44482,easy_high,nq,nq:44482
155292,medium_low,nq,nq:155292
95206,easy_high,hotpot,hotpot:95206
128592,medium_high,nq,nq:128592
157380,hard,hotpot,hotpot:157380
155038,medium_mid,hotpot,hotpot:155038
69564,medium_high,hotpot,hotpot:69564
134068,medium_mid,nq,nq:134068
27004,medium_high,nq,nq:27004
91144,medium_low,hotpot,hotpot:91144
103098,medium_high,hotpot,hotpot:103098
48742,medium_high,nq,nq:48742
175146,easy_high,hotpot,hotpot:175146
8120,hard,hotpot,hotpot:8120
62270,medium_high,nq,nq:62270
43728,easy_high,nq,nq:43728
26886,hard,nq,nq:26886
116952,medium_low,nq,nq:116952
12442,easy_high,nq,nq:12442
138048,medium_mid,nq,nq:138048
124504,medium_high,nq,nq:124504
59624,hard,nq,nq:59624
130736,easy_high,hotpot,hotpot:130736
134722,medium_low,hotpot,hotpot:134722
161662,medium_high,hotpot,hotpot:161662
69396,medium_high,hotpot,hotpot:69396
122454,hard,nq,nq:122454
52302,medium_high,hotpot,hotpot:52302
143488,medium_mid,nq,nq:143488
83036,medium_high,hotpot,hotpot:83036
17084,easy_high,nq,nq:17084
18186,medium_mid,nq,nq:18186
133328,medium_mid,nq,nq:133328
112018,medium_mid,nq,nq:112018
101604,medium_high,nq,nq:101604
67870,medium_high,nq,nq:67870
83302,medium_high,nq,nq:83302
39158,medium_low,hotpot,hotpot:39158
113312,medium_low,hotpot,hotpot:113312
148472,medium_low,hotpot,hotpot:148472
86390,medium_mid,nq,nq:86390
1832,medium_high,hotpot,hotpot:1832
120000,medium_mid,hotpot,hotpot:120000
158250,easy_high,nq,nq:158250
140210,medium_mid,nq,nq:140210
80630,medium_low,nq,nq:80630
103876,medium_high,nq,nq:103876
48406,medium_high,nq,nq:48406
98818,medium_low,nq,nq:98818
6134,medium_mid,hotpot,hotpot:6134
103430,medium_low,nq,nq:103430
75370,easy_high,hotpot,hotpot:75370
10028,medium_high,hotpot,hotpot:10028
119426,medium_high,hotpot,hotpot:119426
153568,medium_high,nq,nq:153568
157052,easy_high,hotpot,hotpot:157052
152754,medium_low,hotpot,hotpot:152754
116556,medium_mid,hotpot,hotpot:116556
136756,medium_mid,hotpot,hotpot:136756
75538,easy_high,nq,nq:75538
87274,easy_high,nq,nq:87274
7056,medium_high,nq,nq:7056
12870,medium_high,hotpot,hotpot:12870
167752,easy_high,hotpot,hotpot:167752
167384,medium_mid,hotpot,hotpot:167384
135686,easy_high,hotpot,hotpot:135686
104814,medium_high,nq,nq:104814
151736,easy_high,nq,nq:151736
84372,easy_high,nq,nq:84372
51854,medium_mid,hotpot,hotpot:51854
149968,medium_high,nq,nq:149968
167012,medium_low,hotpot,hotpot:167012
107436,medium_low,hotpot,hotpot:107436
119224,medium_mid,hotpot,hotpot:119224
123534,medium_high,hotpot,hotpot:123534
125514,medium_mid,hotpot,hotpot:125514
94110,medium_mid,nq,nq:94110
47238,medium_high,nq,nq:47238
66710,medium_mid,hotpot,hotpot:66710
57996,hard,hotpot,hotpot:57996
79488,medium_mid,nq,nq:79488
148680,medium_high,nq,nq:148680
87188,medium_mid,hotpot,hotpot:87188
45794,medium_low,nq,nq:45794
140436,medium_low,nq,nq:140436
148458,medium_high,nq,nq:148458
61956,medium_low,nq,nq:61956
71322,medium_high,nq,nq:71322
110544,easy_high,nq,nq:110544
115902,medium_low,hotpot,hotpot:115902
87444,easy_high,hotpot,hotpot:87444
49132,easy_high,nq,nq:49132
125682,easy_high,hotpot,hotpot:125682
55184,medium_low,hotpot,hotpot:55184
70232,medium_mid,nq,nq:70232
130234,medium_low,hotpot,hotpot:130234
54752,medium_high,hotpot,hotpot:54752
41878,easy_high,nq,nq:41878
2764,easy_high,hotpot,hotpot:2764
67136,hard,hotpot,hotpot:67136
150938,medium_mid,hotpot,hotpot:150938
98982,medium_mid,nq,nq:98982
91188,medium_high,hotpot,hotpot:91188
155958,medium_mid,hotpot,hotpot:155958
102546,medium_low,hotpot,hotpot:102546
121488,medium_low,hotpot,hotpot:121488
43590,hard,hotpot,hotpot:43590
4930,easy_high,hotpot,hotpot:4930
65296,medium_mid,hotpot,hotpot:65296
75148,easy_high,nq,nq:75148
55176,easy_high,hotpot,hotpot:55176
11034,medium_high,hotpot,hotpot:11034
96992,medium_high,hotpot,hotpot:96992
47302,easy_high,hotpot,hotpot:47302
100462,medium_high,hotpot,hotpot:100462
145358,medium_low,hotpot,hotpot:145358
90010,medium_mid,hotpot,hotpot:90010
115228,medium_mid,hotpot,hotpot:115228
61934,medium_low,hotpot,hotpot:61934
61174,easy_high,nq,nq:61174
177088,easy_high,hotpot,hotpot:177088
22692,medium_high,nq,nq:22692
68130,medium_high,nq,nq:68130
39652,medium_low,nq,nq:39652
148766,easy_high,hotpot,hotpot:148766
129480,medium_high,nq,nq:129480
43446,easy_high,hotpot,hotpot:43446
34260,medium_mid,nq,nq:34260
91588,medium_low,hotpot,hotpot:91588
65940,medium_mid,nq,nq:65940
18294,easy_high,hotpot,hotpot:18294
86860,medium_mid,hotpot,hotpot:86860
62220,easy_high,nq,nq:62220
55356,easy_high,nq,nq:55356
120674,hard,hotpot,hotpot:120674
95738,medium_low,hotpot,hotpot:95738
86690,easy_high,nq,nq:86690
136968,medium_mid,nq,nq:136968
151084,medium_mid,nq,nq:151084
87580,medium_low,nq,nq:87580
95438,medium_mid,hotpot,hotpot:95438
155266,easy_high,hotpot,hotpot:155266
77956,easy_high,nq,nq:77956
93686,medium_high,nq,nq:93686
101670,medium_mid,nq,nq:101670
119754,medium_mid,nq,nq:119754
65188,easy_high,nq,nq:65188
58552,easy_high,hotpot,hotpot:58552
66702,medium_high,hotpot,hotpot:66702
105212,medium_low,hotpot,hotpot:105212
90060,medium_high,nq,nq:90060
75620,medium_mid,hotpot,hotpot:75620
84114,hard,hotpot,hotpot:84114
77322,medium_high,hotpot,hotpot:77322
118560,easy_high,nq,nq:118560
116474,easy_high,hotpot,hotpot:116474
1360,hard,hotpot,hotpot:1360
128868,hard,hotpot,hotpot:128868
109464,hard,nq,nq:109464
49532,medium_low,nq,nq:49532
147788,easy_high,nq,nq:147788
16660,medium_mid,nq,nq:16660
4540,medium_low,nq,nq:4540
28754,medium_high,hotpot,hotpot:28754
144772,medium_high,nq,nq:144772
140252,medium_high,nq,nq:140252
55178,medium_low,hotpot,hotpot:55178
114540,hard,nq,nq:114540
124070,easy_high,hotpot,hotpot:124070
55478,medium_mid,hotpot,hotpot:55478
98274,medium_mid,nq,nq:98274
96960,medium_low,nq,nq:96960
171010,medium_mid,hotpot,hotpot:171010
66686,medium_high,nq,nq:66686
57986,medium_high,nq,nq:57986
79152,medium_mid,hotpot,hotpot:79152
73932,medium_mid,nq,nq:73932
15972,medium_mid,nq,nq:15972
80488,easy_high,nq,nq:80488
145904,medium_mid,nq,nq:145904
57788,easy_high,nq,nq:57788
131794,hard,nq,nq:131794
44742,medium_high,nq,nq:44742
13608,easy_high,hotpot,hotpot:13608
84526,medium_mid,nq,nq:84526
13564,medium_mid,nq,nq:13564
28574,easy_high,hotpot,hotpot:28574
107428,medium_high,hotpot,hotpot:107428
6310,medium_high,nq,nq:6310
33608,medium_high,nq,nq:33608
139368,medium_mid,nq,nq:139368
6574,medium_high,nq,nq:6574
16044,medium_low,nq,nq:16044
12934,easy_high,hotpot,hotpot:12934
132122,medium_high,nq,nq:132122
70672,hard,hotpot,hotpot:70672
139184,medium_mid,hotpot,hotpot:139184
140474,medium_mid,nq,nq:140474
180636,easy_high,hotpot,hotpot:180636
116344,medium_mid,hotpot,hotpot:116344
13760,hard,hotpot,hotpot:13760
84510,medium_low,nq,nq:84510
90312,medium_low,nq,nq:90312
65452,medium_mid,nq,nq:65452
80390,easy_high,nq,nq:80390
104698,easy_high,nq,nq:104698
171790,medium_high,hotpot,hotpot:171790
64292,medium_mid,nq,nq:64292
160208,easy_high,hotpot,hotpot:160208
44424,easy_high,nq,nq:44424
1016,medium_high,hotpot,hotpot:1016
103208,medium_high,hotpot,hotpot:103208
119720,medium_mid,hotpot,hotpot:119720
32490,medium_high,hotpot,hotpot:32490
69732,easy_high,nq,nq:69732
178380,medium_high,hotpot,hotpot:178380
148596,medium_high,hotpot,hotpot:148596
89740,medium_mid,hotpot,hotpot:89740
75762,medium_mid,hotpot,hotpot:75762
75050,medium_mid,nq,nq:75050
126936,medium_low,nq,nq:126936
35866,hard,nq,nq:35866
75800,medium_low,hotpot,hotpot:75800
55926,medium_high,hotpot,hotpot:55926
95534,medium_mid,hotpot,hotpot:95534
130600,medium_high,nq,nq:130600
46314,hard,nq,nq:46314
175530,easy_high,hotpot,hotpot:175530
7842,easy_high,nq,nq:7842
56840,easy_high,nq,nq:56840
22700,medium_high,hotpot,hotpot:22700
164946,medium_high,hotpot,hotpot:164946
54836,easy_high,nq,nq:54836
71270,medium_high,hotpot,hotpot:71270
29704,medium_high,nq,nq:29704
109214,medium_mid,hotpot,hotpot:109214
171362,medium_low,hotpot,hotpot:171362
143888,medium_mid,nq,nq:143888
16354,medium_low,hotpot,hotpot:16354
146782,easy_high,hotpot,hotpot:146782
98998,medium_low,nq,nq:98998
157990,easy_high,hotpot,hotpot:157990
43436,easy_high,hotpot,hotpot:43436
89654,medium_low,hotpot,hotpot:89654
80324,medium_mid,hotpot,hotpot:80324
145696,medium_high,hotpot,hotpot:145696
99548,easy_high,nq,nq:99548
75508,easy_high,nq,nq:75508
72270,medium_high,nq,nq:72270
175140,medium_mid,hotpot,hotpot:175140
123732,easy_high,nq,nq:123732
170154,medium_mid,hotpot,hotpot:170154
69000,easy_high,nq,nq:69000
66532,medium_high,nq,nq:66532
2032,medium_mid,hotpot,hotpot:2032
62324,hard,nq,nq:62324
93588,medium_low,nq,nq:93588
134630,hard,nq,nq:134630
123186,easy_high,nq,nq:123186
116794,medium_high,hotpot,hotpot:116794
105390,easy_high,hotpot,hotpot:105390
119234,medium_mid,hotpot,hotpot:119234
5694,easy_high,nq,nq:5694
37144,medium_low,hotpot,hotpot:37144
100652,medium_high,nq,nq:100652
173582,medium_high,hotpot,hotpot:173582
98806,medium_high,hotpot,hotpot:98806
25068,medium_mid,hotpot,hotpot:25068
117746,medium_low,nq,nq:117746
108236,medium_high,nq,nq:108236
94156,easy_high,nq,nq:94156
125750,medium_low,nq,nq:125750
143102,medium_high,hotpot,hotpot:143102
40138,hard,nq,nq:40138
107690,medium_low,nq,nq:107690
174852,easy_high,hotpot,hotpot:174852
86236,medium_low,hotpot,hotpot:86236
650,medium_high,nq,nq:650
86012,medium_low,hotpot,hotpot:86012
101276,easy_high,nq,nq:101276
156552,medium_mid,nq,nq:156552
154198,easy_high,nq,nq:154198
110546,hard,hotpot,hotpot:110546
135574,medium_low,hotpot,hotpot:135574
26872,easy_high,hotpot,hotpot:26872
169794,medium_high,hotpot,hotpot:169794
27284,easy_high,hotpot,hotpot:27284
137880,hard,nq,nq:137880
149966,medium_high,nq,nq:149966
51076,medium_mid,nq,nq:51076
46132,hard,hotpot,hotpot:46132
179386,medium_high,hotpot,hotpot:179386
24484,hard,hotpot,hotpot:24484
113218,medium_low,nq,nq:113218
120098,hard,hotpot,hotpot:120098
11954,easy_high,nq,nq:11954
62346,medium_high,hotpot,hotpot:62346
31704,easy_high,nq,nq:31704
77706,hard,nq,nq:77706
93702,medium_high,hotpot,hotpot:93702
45312,easy_high,hotpot,hotpot:45312
139536,medium_high,nq,nq:139536
139336,medium_mid,hotpot,hotpot:139336
21852,hard,hotpot,hotpot:21852
125892,medium_mid,nq,nq:125892
134774,medium_high,nq,nq:134774
115448,hard,hotpot,hotpot:115448
27614,medium_mid,nq,nq:27614
49926,easy_high,hotpot,hotpot:49926
158354,medium_mid,hotpot,hotpot:158354
133188,medium_high,nq,nq:133188
40722,easy_high,hotpot,hotpot:40722
146188,hard,nq,nq:146188
27802,medium_low,nq,nq:27802
54132,hard,nq,nq:54132
113460,easy_high,hotpot,hotpot:113460
130346,medium_mid,nq,nq:130346
70766,easy_high,hotpot,hotpot:70766
173608,easy_high,hotpot,hotpot:173608
177132,medium_mid,hotpot,hotpot:177132
147986,hard,hotpot,hotpot:147986
99882,easy_high,nq,nq:99882
48426,easy_high,nq,nq:48426
32216,medium_low,nq,nq:32216
97326,hard,nq,nq:97326
116912,medium_low,nq,nq:116912
154942,medium_high,nq,nq:154942
74824,hard,nq,nq:74824
113612,hard,nq,nq:113612
129186,medium_low,hotpot,hotpot:129186
137236,hard,nq,nq:137236
67902,easy_high,nq,nq:67902
154366,medium_high,hotpot,hotpot:154366
47846,medium_high,hotpot,hotpot:47846
77842,easy_high,nq,nq:77842
39128,easy_high,nq,nq:39128
50136,easy_high,nq,nq:50136
139430,medium_high,nq,nq:139430
2496,medium_high,hotpot,hotpot:2496
95520,medium_low,hotpot,hotpot:95520
72548,medium_high,hotpot,hotpot:72548
26704,easy_high,hotpot,hotpot:26704
1742,medium_high,nq,nq:1742
9046,medium_mid,hotpot,hotpot:9046
37934,easy_high,hotpot,hotpot:37934
30438,medium_mid,hotpot,hotpot:30438
58594,medium_low,hotpot,hotpot:58594
39396,medium_low,nq,nq:39396
44540,medium_mid,nq,nq:44540
89936,medium_mid,hotpot,hotpot:89936
59518,medium_high,hotpot,hotpot:59518
133406,easy_high,nq,nq:133406
171158,medium_mid,hotpot,hotpot:171158
110616,medium_high,hotpot,hotpot:110616
133612,medium_high,nq,nq:133612
73410,medium_mid,nq,nq:73410
141712,medium_low,nq,nq:141712
36444,hard,nq,nq:36444
14848,hard,nq,nq:14848
85272,medium_mid,hotpot,hotpot:85272
134564,medium_high,hotpot,hotpot:134564
31226,medium_mid,nq,nq:31226
142090,medium_mid,nq,nq:142090
29030,hard,nq,nq:29030
81254,medium_mid,nq,nq:81254
45412,medium_high,hotpot,hotpot:45412
135468,medium_low,hotpot,hotpot:135468
33142,hard,hotpot,hotpot:33142
22696,medium_mid,hotpot,hotpot:22696
92960,medium_low,hotpot,hotpot:92960
125098,medium_mid,hotpot,hotpot:125098
139564,medium_mid,nq,nq:139564
40250,medium_high,hotpot,hotpot:40250
35398,medium_mid,hotpot,hotpot:35398
133694,medium_mid,nq,nq:133694
160188,medium_mid,hotpot,hotpot:160188
34456,medium_low,nq,nq:34456
134028,easy_high,nq,nq:134028
56796,medium_high,nq,nq:56796
3132,medium_low,hotpot,hotpot:3132
93334,medium_high,nq,nq:93334
174304,medium_low,hotpot,hotpot:174304
72136,medium_mid,nq,nq:72136
94372,medium_high,nq,nq:94372
50520,medium_mid,hotpot,hotpot:50520
68622,medium_low,hotpot,hotpot:68622
24246,easy_high,hotpot,hotpot:24246
113132,easy_high,nq,nq:113132
25216,medium_low,nq,nq:25216
2240,medium_mid,nq,nq:2240
169484,easy_high,hotpot,hotpot:169484
15254,easy_high,nq,nq:15254
17440,medium_mid,hotpot,hotpot:17440
123060,medium_mid,nq,nq:123060
33604,medium_high,nq,nq:33604
151652,medium_mid,nq,nq:151652
21532,easy_high,nq,nq:21532
149580,hard,hotpot,hotpot:149580
70724,hard,hotpot,hotpot:70724
70120,medium_high,hotpot,hotpot:70120
174760,medium_mid,hotpot,hotpot:174760
37926,medium_low,hotpot,hotpot:37926
123802,medium_high,hotpot,hotpot:123802
107620,medium_high,nq,nq:107620
42390,medium_mid,nq,nq:42390
108800,easy_high,nq,nq:108800
104824,medium_mid,hotpot,hotpot:104824
8998,medium_mid,hotpot,hotpot:8998
137090,easy_high,hotpot,hotpot:137090
136132,medium_high,nq,nq:136132
53102,hard,hotpot,hotpot:53102
42240,easy_high,nq,nq:42240
15808,medium_high,nq,nq:15808
77952,easy_high,hotpot,hotpot:77952
117966,medium_mid,nq,nq:117966
31148,easy_high,nq,nq:31148
137086,easy_high,hotpot,hotpot:137086
111272,medium_high,nq,nq:111272
80396,medium_mid,nq,nq:80396
27758,medium_high,hotpot,hotpot:27758
95822,easy_high,nq,nq:95822
8556,easy_high,nq,nq:8556
50348,medium_mid,nq,nq:50348
35352,medium_high,hotpot,hotpot:35352
46424,medium_high,hotpot,hotpot:46424
143356,medium_high,nq,nq:143356
145882,medium_mid,nq,nq:145882
128796,medium_low,nq,nq:128796
19200,medium_mid,hotpot,hotpot:19200
26064,medium_high,nq,nq:26064
132114,easy_high,nq,nq:132114
106968,medium_high,nq,nq:106968
34004,hard,hotpot,hotpot:34004
128668,medium_high,nq,nq:128668
78120,easy_high,nq,nq:78120
102340,easy_high,hotpot,hotpot:102340
77496,medium_mid,hotpot,hotpot:77496
12908,medium_high,nq,nq:12908
143902,medium_low,nq,nq:143902
131172,medium_low,nq,nq:131172
73292,easy_high,hotpot,hotpot:73292
31598,medium_high,nq,nq:31598
47604,medium_high,nq,nq:47604
147630,hard,hotpot,hotpot:147630
156538,medium_high,hotpot,hotpot:156538
143820,medium_mid,nq,nq:143820
51348,hard,nq,nq:51348
54344,medium_high,nq,nq:54344
29120,easy_high,hotpot,hotpot:29120
74724,medium_low,nq,nq:74724
93902,medium_low,nq,nq:93902
117274,medium_mid,nq,nq:117274
67888,medium_mid,nq,nq:67888
170802,easy_high,hotpot,hotpot:170802
133504,easy_high,hotpot,hotpot:133504
56276,medium_high,nq,nq:56276
116360,easy_high,hotpot,hotpot:116360
106386,hard,nq,nq:106386
21714,medium_high,nq,nq:21714
152870,medium_mid,nq,nq:152870
69226,medium_high,nq,nq:69226
117222,medium_high,nq,nq:117222
65874,medium_mid,hotpot,hotpot:65874
38148,medium_low,nq,nq:38148
73292,hard,nq,nq:73292
91746,hard,nq,nq:91746
82464,medium_mid,hotpot,hotpot:82464
54194,easy_high,nq,nq:54194
72162,medium_high,nq,nq:72162
11296,easy_high,nq,nq:11296
32062,easy_high,nq,nq:32062
86270,hard,nq,nq:86270
128336,easy_high,hotpot,hotpot:128336
65346,medium_low,nq,nq:65346
92092,hard,nq,nq:92092
180546,medium_high,hotpot,hotpot:180546
42006,medium_high,nq,nq:42006
7650,medium_mid,nq,nq:7650
166552,medium_mid,hotpot,hotpot:166552
106294,easy_high,hotpot,hotpot:106294
105644,easy_high,hotpot,hotpot:105644
67568,medium_high,nq,nq:67568
121870,medium_mid,hotpot,hotpot:121870
118052,hard,nq,nq:118052
12294,medium_high,nq,nq:12294
35826,easy_high,nq,nq:35826
105308,easy_high,hotpot,hotpot:105308
154540,easy_high,nq,nq:154540
104714,medium_low,hotpot,hotpot:104714
73900,easy_high,nq,nq:73900
138448,medium_mid,hotpot,hotpot:138448
151222,medium_mid,nq,nq:151222
114522,hard,nq,nq:114522
112140,easy_high,nq,nq:112140
170430,medium_high,hotpot,hotpot:170430
31192,easy_high,nq,nq:31192
34156,medium_high,hotpot,hotpot:34156
112488,hard,nq,nq:112488
21320,medium_high,hotpot,hotpot:21320
8882,easy_high,hotpot,hotpot:8882
46822,medium_high,hotpot,hotpot:46822
124718,medium_high,hotpot,hotpot:124718
77276,medium_mid,hotpot,hotpot:77276
111674,medium_low,nq,nq:111674
117554,medium_mid,nq,nq:117554
73764,medium_high,nq,nq:73764
116030,medium_low,hotpot,hotpot:116030
150956,medium_low,nq,nq:150956
156018,medium_mid,nq,nq:156018
36190,medium_mid,nq,nq:36190
147490,medium_high,nq,nq:147490
46640,hard,hotpot,hotpot:46640
27438,hard,hotpot,hotpot:27438
50656,medium_mid,hotpot,hotpot:50656
103450,medium_mid,hotpot,hotpot:103450
40456,medium_mid,nq,nq:40456
31778,easy_high,hotpot,hotpot:31778
70836,easy_high,nq,nq:70836
118402,medium_high,nq,nq:118402
137860,medium_high,hotpot,hotpot:137860
169322,easy_high,hotpot,hotpot:169322
48488,hard,nq,nq:48488
67718,medium_high,hotpot,hotpot:67718
47524,easy_high,hotpot,hotpot:47524
126066,hard,hotpot,hotpot:126066
129408,easy_high,nq,nq:129408
66978,medium_high,nq,nq:66978
28676,medium_high,nq,nq:28676
101300,medium_mid,hotpot,hotpot:101300
77302,hard,nq,nq:77302
58626,hard,hotpot,hotpot:58626
144840,medium_mid,hotpot,hotpot:144840
95614,medium_high,nq,nq:95614
75620,hard,nq,nq:75620
142280,medium_high,hotpot,hotpot:142280
170500,easy_high,hotpot,hotpot:170500
11186,medium_high,nq,nq:11186
26362,medium_low,hotpot,hotpot:26362
180294,easy_high,hotpot,hotpot:180294
33384,easy_high,nq,nq:33384
41840,medium_mid,nq,nq:41840
76124,medium_mid,hotpot,hotpot:76124
92762,easy_high,nq,nq:92762
88936,hard,nq,nq:88936
7550,medium_low,hotpot,hotpot:7550
115260,easy_high,hotpot,hotpot:115260
37070,medium_high,nq,nq:37070
88104,medium_low,hotpot,hotpot:88104
144220,medium_high,nq,nq:144220
113486,medium_mid,hotpot,hotpot:113486
23264,hard,hotpot,hotpot:23264
141884,medium_mid,nq,nq:141884
5584,easy_high,nq,nq:5584
28774,medium_mid,hotpot,hotpot:28774
128124,medium_high,hotpot,hotpot:128124
121556,medium_mid,hotpot,hotpot:121556
27436,medium_high,hotpot,hotpot:27436
1510,medium_mid,nq,nq:1510
107516,medium_high,nq,nq:107516
108602,medium_low,nq,nq:108602
12848,medium_low,nq,nq:12848
124036,hard,nq,nq:124036
87772,easy_high,nq,nq:87772
53156,easy_high,hotpot,hotpot:53156
41110,easy_high,nq,nq:41110
75610,medium_mid,nq,nq:75610
147760,medium_mid,nq,nq:147760
141848,hard,hotpot,hotpot:141848
52254,hard,hotpot,hotpot:52254
160556,medium_mid,hotpot,hotpot:160556
37474,medium_mid,hotpot,hotpot:37474
168700,medium_high,hotpot,hotpot:168700
43758,easy_high,nq,nq:43758
152430,medium_mid,nq,nq:152430
155236,medium_mid,nq,nq:155236
56512,easy_high,nq,nq:56512
156964,medium_high,nq,nq:156964
33540,medium_mid,hotpot,hotpot:33540
66722,medium_low,hotpot,hotpot:66722
29978,medium_low,hotpot,hotpot:29978
7406,medium_mid,nq,nq:7406
90716,medium_high,nq,nq:90716
3834,easy_high,hotpot,hotpot:3834
115216,medium_high,nq,nq:115216
120600,easy_high,hotpot,hotpot:120600
113956,hard,hotpot,hotpot:113956
172838,medium_high,hotpot,hotpot:172838
132608,medium_mid,hotpot,hotpot:132608
180738,medium_mid,hotpot,hotpot:180738
60742,easy_high,nq,nq:60742
98778,medium_low,hotpot,hotpot:98778
68956,medium_high,hotpot,hotpot:68956
120248,medium_high,nq,nq:120248
107312,medium_high,nq,nq:107312
21590,medium_mid,hotpot,hotpot:21590
155992,medium_mid,nq,nq:155992
77012,easy_high,nq,nq:77012
145318,medium_low,hotpot,hotpot:145318
103704,medium_high,nq,nq:103704
54870,easy_high,nq,nq:54870
66294,easy_high,hotpot,hotpot:66294
151140,hard,hotpot,hotpot:151140
171498,medium_high,hotpot,hotpot:171498
39522,hard,hotpot,hotpot:39522
171038,easy_high,hotpot,hotpot:171038
80256,easy_high,nq,nq:80256
104730,easy_high,nq,nq:104730
56250,hard,hotpot,hotpot:56250
139550,medium_high,hotpot,hotpot:139550
20308,easy_high,nq,nq:20308
66160,easy_high,hotpot,hotpot:66160
46614,medium_mid,nq,nq:46614
62670,easy_high,nq,nq:62670
38386,medium_high,hotpot,hotpot:38386
144218,medium_low,nq,nq:144218
111618,easy_high,hotpot,hotpot:111618
167374,medium_high,hotpot,hotpot:167374
139028,medium_mid,nq,nq:139028
97484,hard,hotpot,hotpot:97484
90160,easy_high,hotpot,hotpot:90160
46444,hard,nq,nq:46444
24162,medium_high,nq,nq:24162
71304,medium_low,nq,nq:71304
93384,medium_mid,hotpot,hotpot:93384
24366,medium_mid,hotpot,hotpot:24366
40056,medium_high,hotpot,hotpot:40056
13574,medium_mid,hotpot,hotpot:13574
2858,hard,nq,nq:2858
56084,easy_high,nq,nq:56084
83190,medium_high,hotpot,hotpot:83190
6418,medium_mid,hotpot,hotpot:6418
106354,medium_high,nq,nq:106354
67022,medium_high,nq,nq:67022
103048,medium_mid,nq,nq:103048
57718,hard,nq,nq:57718
151928,easy_high,hotpot,hotpot:151928
146680,medium_low,nq,nq:146680
120048,medium_mid,hotpot,hotpot:120048
29308,medium_low,hotpot,hotpot:29308
44224,medium_high,nq,nq:44224
51128,medium_mid,hotpot,hotpot:51128
165814,easy_high,hotpot,hotpot:165814
154572,medium_high,nq,nq:154572
148246,medium_low,hotpot,hotpot:148246
29578,medium_high,nq,nq:29578
36980,easy_high,hotpot,hotpot:36980
59054,easy_high,nq,nq:59054
128620,medium_high,hotpot,hotpot:128620
105506,easy_high,nq,nq:105506
140488,medium_mid,hotpot,hotpot:140488
153424,medium_high,nq,nq:153424
81540,hard,nq,nq:81540
160722,medium_mid,hotpot,hotpot:160722
149848,medium_low,nq,nq:149848
15134,easy_high,hotpot,hotpot:15134
77412,medium_low,hotpot,hotpot:77412
80612,medium_high,nq,nq:80612
8694,medium_high,hotpot,hotpot:8694
78332,easy_high,nq,nq:78332
84134,hard,nq,nq:84134
10768,medium_mid,nq,nq:10768
111616,medium_high,nq,nq:111616
137906,hard,hotpot,hotpot:137906
30176,medium_low,hotpot,hotpot:30176
90864,easy_high,nq,nq:90864
36016,easy_high,hotpot,hotpot:36016
87162,medium_high,nq,nq:87162
51400,medium_high,hotpot,hotpot:51400
27420,medium_mid,hotpot,hotpot:27420
145210,easy_high,hotpot,hotpot:145210
139576,easy_high,nq,nq:139576
1874,medium_high,hotpot,hotpot:1874
128174,easy_high,hotpot,hotpot:128174
165442,easy_high,hotpot,hotpot:165442
23180,medium_high,hotpot,hotpot:23180
140026,medium_low,nq,nq:140026
120762,medium_high,nq,nq:120762
105610,medium_low,hotpot,hotpot:105610
56374,easy_high,nq,nq:56374
79896,medium_low,nq,nq:79896
59952,medium_mid,hotpot,hotpot:59952
152648,medium_high,nq,nq:152648
43898,easy_high,nq,nq:43898
90370,medium_high,hotpot,hotpot:90370
115944,easy_high,nq,nq:115944
95610,medium_mid,nq,nq:95610
106310,easy_high,hotpot,hotpot:106310
53614,easy_high,nq,nq:53614
524,hard,nq,nq:524
162766,medium_mid,hotpot,hotpot:162766
130512,easy_high,hotpot,hotpot:130512
138032,medium_high,nq,nq:138032
88280,medium_high,nq,nq:88280
149518,medium_high,hotpot,hotpot:149518
127194,medium_high,hotpot,hotpot:127194
43822,medium_mid,hotpot,hotpot:43822
7652,medium_low,nq,nq:7652
125214,medium_high,nq,nq:125214
154378,easy_high,nq,nq:154378
1906,easy_high,nq,nq:1906
123076,medium_low,hotpot,hotpot:123076
146556,easy_high,hotpot,hotpot:146556
73958,hard,hotpot,hotpot:73958
21628,medium_low,hotpot,hotpot:21628
57384,medium_mid,hotpot,hotpot:57384
56468,medium_low,nq,nq:56468
180118,medium_high,hotpot,hotpot:180118
172714,medium_mid,hotpot,hotpot:172714
10776,medium_low,nq,nq:10776
71526,medium_low,hotpot,hotpot:71526
128134,medium_mid,nq,nq:128134
151260,medium_mid,nq,nq:151260
49318,medium_mid,nq,nq:49318
119696,hard,hotpot,hotpot:119696
30394,easy_high,hotpot,hotpot:30394
16568,medium_mid,hotpot,hotpot:16568
30960,medium_high,hotpot,hotpot:30960
6764,medium_low,nq,nq:6764
22288,medium_mid,hotpot,hotpot:22288
38828,medium_low,nq,nq:38828
48188,medium_mid,nq,nq:48188
130242,medium_high,hotpot,hotpot:130242
15086,medium_high,nq,nq:15086
99942,medium_mid,hotpot,hotpot:99942
177766,easy_high,hotpot,hotpot:177766
50920,medium_mid,hotpot,hotpot:50920
15250,medium_high,nq,nq:15250
115034,medium_high,hotpot,hotpot:115034
96294,medium_mid,hotpot,hotpot:96294
53032,medium_low,hotpot,hotpot:53032
75886,medium_high,hotpot,hotpot:75886
29378,easy_high,nq,nq:29378
139640,medium_mid,nq,nq:139640
94122,medium_low,hotpot,hotpot:94122
75052,medium_high,nq,nq:75052
91016,hard,hotpot,hotpot:91016
101898,medium_mid,hotpot,hotpot:101898
41030,medium_mid,nq,nq:41030
166712,medium_high,hotpot,hotpot:166712
4694,hard,nq,nq:4694
84758,medium_low,nq,nq:84758
17048,medium_low,nq,nq:17048
42858,medium_low,nq,nq:42858
16980,easy_high,nq,nq:16980
137830,easy_high,nq,nq:137830
35016,hard,hotpot,hotpot:35016
45472,medium_high,nq,nq:45472
115854,medium_mid,nq,nq:115854
76988,medium_high,hotpot,hotpot:76988
16150,hard,nq,nq:16150
104636,easy_high,hotpot,hotpot:104636
1548,medium_low,nq,nq:1548
153744,medium_low,nq,nq:153744
147738,medium_mid,nq,nq:147738
174466,easy_high,hotpot,hotpot:174466
115412,hard,hotpot,hotpot:115412
54942,medium_high,hotpot,hotpot:54942
126116,easy_high,nq,nq:126116
19542,medium_high,hotpot,hotpot:19542
120366,medium_high,nq,nq:120366
152690,medium_mid,hotpot,hotpot:152690
29178,medium_mid,hotpot,hotpot:29178
106274,medium_high,nq,nq:106274
133844,hard,nq,nq:133844
106616,medium_mid,hotpot,hotpot:106616
165222,medium_mid,hotpot,hotpot:165222
31816,medium_low,nq,nq:31816
71616,medium_high,nq,nq:71616
128436,medium_high,nq,nq:128436
53908,medium_mid,hotpot,hotpot:53908
136002,medium_mid,hotpot,hotpot:136002
20920,medium_high,hotpot,hotpot:20920
74968,medium_low,hotpot,hotpot:74968
88024,easy_high,nq,nq:88024
92162,medium_mid,nq,nq:92162
97742,medium_mid,hotpot,hotpot:97742
128348,medium_high,hotpot,hotpot:128348
24690,medium_high,nq,nq:24690
34900,medium_high,nq,nq:34900
35778,easy_high,hotpot,hotpot:35778
151748,easy_high,hotpot,hotpot:151748
65720,medium_low,nq,nq:65720
24948,easy_high,hotpot,hotpot:24948
44080,medium_high,hotpot,hotpot:44080
1278,medium_high,hotpot,hotpot:1278
134860,medium_high,nq,nq:134860
165174,medium_mid,hotpot,hotpot:165174
65072,easy_high,hotpot,hotpot:65072
81136,easy_high,hotpot,hotpot:81136
95136,easy_high,hotpot,hotpot:95136
56094,medium_low,hotpot,hotpot:56094
69080,medium_high,nq,nq:69080
33532,medium_low,hotpot,hotpot:33532
179128,medium_mid,hotpot,hotpot:179128
152942,hard,nq,nq:152942
88970,medium_mid,nq,nq:88970
179058,medium_mid,hotpot,hotpot:179058
115150,medium_mid,hotpot,hotpot:115150
25308,easy_high,hotpot,hotpot:25308
137176,medium_high,hotpot,hotpot:137176
87356,medium_high,hotpot,hotpot:87356
57874,medium_mid,nq,nq:57874
14392,easy_high,nq,nq:14392
99244,medium_high,hotpot,hotpot:99244
66392,hard,hotpot,hotpot:66392
27794,medium_mid,nq,nq:27794
63152,easy_high,nq,nq:63152
140924,medium_high,hotpot,hotpot:140924
148518,hard,nq,nq:148518
51934,easy_high,hotpot,hotpot:51934
26924,hard,nq,nq:26924
137848,medium_low,hotpot,hotpot:137848
112548,medium_mid,hotpot,hotpot:112548
31834,easy_high,nq,nq:31834
157892,medium_low,hotpot,hotpot:157892
141234,easy_high,nq,nq:141234
43522,medium_mid,nq,nq:43522
20144,easy_high,hotpot,hotpot:20144
29610,easy_high,nq,nq:29610
19252,medium_high,nq,nq:19252
55248,medium_high,hotpot,hotpot:55248
49070,medium_high,hotpot,hotpot:49070
108434,medium_mid,nq,nq:108434
47658,medium_mid,hotpot,hotpot:47658
54416,medium_mid,nq,nq:54416
70490,medium_high,nq,nq:70490
105112,medium_high,hotpot,hotpot:105112
3442,medium_low,hotpot,hotpot:3442
177620,easy_high,hotpot,hotpot:177620
24658,medium_mid,nq,nq:24658
141798,medium_mid,nq,nq:141798
54400,medium_high,hotpot,hotpot:54400
115652,medium_high,nq,nq:115652
100676,medium_high,nq,nq:100676
164544,medium_high,hotpot,hotpot:164544
84378,medium_low,hotpot,hotpot:84378
107580,medium_high,hotpot,hotpot:107580
142000,medium_low,hotpot,hotpot:142000
94898,medium_high,nq,nq:94898
106778,medium_mid,hotpot,hotpot:106778
137636,medium_high,hotpot,hotpot:137636
35612,medium_low,hotpot,hotpot:35612
163130,medium_low,hotpot,hotpot:163130
132432,medium_high,nq,nq:132432
82888,medium_high,nq,nq:82888
151828,easy_high,hotpot,hotpot:151828
11174,easy_high,hotpot,hotpot:11174
103376,medium_low,hotpot,hotpot:103376
52256,medium_mid,nq,nq:52256
160618,medium_low,hotpot,hotpot:160618
153004,medium_low,nq,nq:153004
149004,medium_low,nq,nq:149004
59116,easy_high,hotpot,hotpot:59116
70036,easy_high,nq,nq:70036
44836,medium_high,nq,nq:44836
158098,medium_mid,nq,nq:158098
155700,easy_high,hotpot,hotpot:155700
39296,medium_high,nq,nq:39296
130034,medium_high,hotpot,hotpot:130034
114116,medium_high,nq,nq:114116
12498,hard,hotpot,hotpot:12498
90792,medium_mid,nq,nq:90792
107632,medium_mid,nq,nq:107632
139970,medium_low,hotpot,hotpot:139970
156386,medium_high,hotpot,hotpot:156386
95498,easy_high,nq,nq:95498
126864,easy_high,hotpot,hotpot:126864
82258,medium_high,nq,nq:82258
5412,medium_high,nq,nq:5412
91586,easy_high,nq,nq:91586
122124,hard,nq,nq:122124
33790,medium_high,hotpot,hotpot:33790
135604,medium_high,hotpot,hotpot:135604
52872,easy_high,nq,nq:52872
17992,medium_mid,nq,nq:17992
26270,hard,nq,nq:26270
129284,easy_high,nq,nq:129284
54622,medium_mid,hotpot,hotpot:54622
125620,easy_high,nq,nq:125620
36590,easy_high,hotpot,hotpot:36590
39430,medium_low,hotpot,hotpot:39430
79810,medium_low,nq,nq:79810
170402,medium_high,hotpot,hotpot:170402
28446,easy_high,hotpot,hotpot:28446
17548,medium_high,nq,nq:17548
61392,easy_high,nq,nq:61392
56232,medium_mid,nq,nq:56232
94490,medium_high,hotpot,hotpot:94490
124922,easy_high,hotpot,hotpot:124922
80168,easy_high,hotpot,hotpot:80168
24442,medium_low,hotpot,hotpot:24442
58162,medium_high,hotpot,hotpot:58162
27152,medium_low,hotpot,hotpot:27152
134168,medium_high,hotpot,hotpot:134168
17454,easy_high,hotpot,hotpot:17454
107108,medium_low,nq,nq:107108
151854,medium_high,hotpot,hotpot:151854
38346,medium_high,hotpot,hotpot:38346
61890,easy_high,nq,nq:61890
110928,medium_high,nq,nq:110928
151354,hard,nq,nq:151354
160014,medium_high,hotpot,hotpot:160014
87848,medium_high,hotpot,hotpot:87848
147780,medium_high,hotpot,hotpot:147780
124308,medium_mid,hotpot,hotpot:124308
102166,medium_high,hotpot,hotpot:102166
82832,medium_mid,hotpot,hotpot:82832
63510,medium_high,nq,nq:63510
87674,medium_low,hotpot,hotpot:87674
18156,medium_high,hotpot,hotpot:18156
178872,easy_high,hotpot,hotpot:178872
156042,easy_high,hotpot,hotpot:156042
7370,medium_high,nq,nq:7370
126078,easy_high,nq,nq:126078
128254,medium_high,hotpot,hotpot:128254
123218,medium_high,hotpot,hotpot:123218
39838,medium_high,nq,nq:39838
50194,medium_high,hotpot,hotpot:50194
65558,medium_high,nq,nq:65558
43658,medium_low,hotpot,hotpot:43658
126268,easy_high,hotpot,hotpot:126268
42546,medium_high,hotpot,hotpot:42546
40692,medium_mid,nq,nq:40692
40190,hard,nq,nq:40190
115022,medium_high,hotpot,hotpot:115022
100758,medium_high,hotpot,hotpot:100758
93132,medium_low,nq,nq:93132
18022,medium_low,hotpot,hotpot:18022
139360,medium_mid,nq,nq:139360
57986,medium_mid,hotpot,hotpot:57986
117086,medium_high,hotpot,hotpot:117086
116034,easy_high,nq,nq:116034
150274,medium_mid,nq,nq:150274
20146,medium_mid,nq,nq:20146
17718,easy_high,nq,nq:17718
72040,medium_mid,hotpot,hotpot:72040
52174,hard,hotpot,hotpot:52174
65236,medium_mid,hotpot,hotpot:65236
155350,medium_high,hotpot,hotpot:155350
85456,easy_high,nq,nq:85456
131958,medium_mid,hotpot,hotpot:131958
121706,medium_mid,nq,nq:121706
14176,medium_high,nq,nq:14176
81346,medium_high,nq,nq:81346
78412,medium_low,nq,nq:78412
158478,medium_low,hotpot,hotpot:158478
45782,medium_low,hotpot,hotpot:45782
144244,medium_mid,hotpot,hotpot:144244
132622,medium_high,hotpot,hotpot:132622
45270,medium_high,nq,nq:45270
125352,medium_mid,nq,nq:125352
114090,medium_high,nq,nq:114090
133538,medium_low,nq,nq:133538
13940,easy_high,nq,nq:13940
54040,medium_mid,hotpot,hotpot:54040
116508,medium_high,hotpot,hotpot:116508
40216,medium_mid,nq,nq:40216
96004,easy_high,nq,nq:96004
23306,easy_high,hotpot,hotpot:23306
144888,medium_mid,nq,nq:144888
3236,medium_low,nq,nq:3236
76990,medium_low,nq,nq:76990
74802,easy_high,nq,nq:74802
82648,medium_high,hotpot,hotpot:82648
45180,medium_high,hotpot,hotpot:45180
70264,medium_mid,nq,nq:70264
7384,medium_mid,hotpot,hotpot:7384
37830,medium_mid,hotpot,hotpot:37830
165480,medium_low,hotpot,hotpot:165480
89554,medium_mid,hotpot,hotpot:89554
108858,medium_mid,hotpot,hotpot:108858
131766,medium_high,hotpot,hotpot:131766
144958,medium_mid,hotpot,hotpot:144958
26166,hard,hotpot,hotpot:26166
93086,medium_low,hotpot,hotpot:93086
68654,medium_low,nq,nq:68654
69686,medium_mid,nq,nq:69686
153320,easy_high,nq,nq:153320
107952,hard,hotpot,hotpot:107952
13196,medium_low,nq,nq:13196
77324,hard,hotpot,hotpot:77324
168760,hard,hotpot,hotpot:168760
121654,easy_high,hotpot,hotpot:121654
140360,hard,nq,nq:140360
28172,medium_mid,hotpot,hotpot:28172
46344,easy_high,nq,nq:46344
163422,medium_high,hotpot,hotpot:163422
142112,medium_mid,hotpot,hotpot:142112
158676,medium_mid,hotpot,hotpot:158676
49072,medium_high,nq,nq:49072
68152,easy_high,hotpot,hotpot:68152
139566,hard,nq,nq:139566
64654,medium_mid,hotpot,hotpot:64654
3964,medium_high,nq,nq:3964
134902,medium_mid,hotpot,hotpot:134902
157376,easy_high,nq,nq:157376
102566,medium_high,nq,nq:102566
118656,medium_high,hotpot,hotpot:118656
71732,medium_mid,nq,nq:71732
51980,medium_high,nq,nq:51980
40250,medium_mid,nq,nq:40250
15574,hard,nq,nq:15574
99790,easy_high,hotpot,hotpot:99790
68520,hard,nq,nq:68520
90192,medium_mid,hotpot,hotpot:90192
47738,hard,hotpot,hotpot:47738
14954,medium_low,nq,nq:14954
36908,medium_mid,nq,nq:36908
48714,medium_mid,nq,nq:48714
26986,medium_high,hotpot,hotpot:26986
38646,hard,hotpot,hotpot:38646
179028,medium_low,hotpot,hotpot:179028
157388,medium_mid,nq,nq:157388
94024,medium_mid,nq,nq:94024
118842,medium_high,nq,nq:118842
116968,hard,hotpot,hotpot:116968
78594,medium_high,hotpot,hotpot:78594
53256,medium_mid,hotpot,hotpot:53256
50668,medium_mid,nq,nq:50668
135198,medium_high,hotpot,hotpot:135198
59838,hard,nq,nq:59838
33156,medium_low,nq,nq:33156
149476,medium_mid,nq,nq:149476
20204,medium_high,nq,nq:20204
172086,medium_low,hotpot,hotpot:172086
40330,easy_high,hotpot,hotpot:40330
132178,medium_mid,hotpot,hotpot:132178
134184,medium_low,nq,nq:134184
1682,hard,nq,nq:1682
52462,easy_high,nq,nq:52462
46400,medium_mid,nq,nq:46400
2408,medium_mid,hotpot,hotpot:2408
61312,easy_high,hotpot,hotpot:61312
59570,medium_mid,nq,nq:59570
58256,easy_high,hotpot,hotpot:58256
67958,medium_mid,nq,nq:67958
3272,medium_low,nq,nq:3272
157902,medium_mid,hotpot,hotpot:157902
11452,medium_high,hotpot,hotpot:11452
100104,medium_mid,hotpot,hotpot:100104
130868,medium_mid,nq,nq:130868
88484,medium_mid,nq,nq:88484
149304,medium_mid,hotpot,hotpot:149304
5470,medium_high,hotpot,hotpot:5470
158054,hard,hotpot,hotpot:158054
73518,medium_high,nq,nq:73518
150518,medium_high,hotpot,hotpot:150518
97290,easy_high,hotpot,hotpot:97290
49410,hard,hotpot,hotpot:49410
97890,medium_low,hotpot,hotpot:97890
99586,easy_high,nq,nq:99586
38498,medium_high,nq,nq:38498
140936,medium_mid,nq,nq:140936
112434,medium_high,hotpot,hotpot:112434
96214,hard,nq,nq:96214
90972,medium_mid,nq,nq:90972
106250,medium_high,hotpot,hotpot:106250
140050,medium_low,hotpot,hotpot:140050
1750,medium_low,nq,nq:1750
41246,easy_high,hotpot,hotpot:41246
52130,medium_mid,hotpot,hotpot:52130
61900,hard,hotpot,hotpot:61900
8142,easy_high,hotpot,hotpot:8142
136754,medium_mid,nq,nq:136754
120384,medium_high,hotpot,hotpot:120384
169512,easy_high,hotpot,hotpot:169512
108916,medium_high,nq,nq:108916
33160,medium_high,nq,nq:33160
98454,medium_low,nq,nq:98454
6224,medium_high,nq,nq:6224
25946,easy_high,hotpot,hotpot:25946
38756,medium_low,nq,nq:38756
3734,hard,hotpot,hotpot:3734
127160,medium_mid,hotpot,hotpot:127160
84920,hard,nq,nq:84920
134468,medium_low,hotpot,hotpot:134468
50044,medium_high,nq,nq:50044
121666,medium_mid,hotpot,hotpot:121666
149998,medium_low,hotpot,hotpot:149998
119502,easy_high,nq,nq:119502
168026,easy_high,hotpot,hotpot:168026
73772,medium_high,nq,nq:73772
142616,medium_mid,nq,nq:142616
85574,medium_high,nq,nq:85574
16232,hard,hotpot,hotpot:16232
120006,medium_high,hotpot,hotpot:120006
126480,medium_mid,hotpot,hotpot:126480
157152,medium_high,nq,nq:157152
141920,hard,hotpot,hotpot:141920
156744,easy_high,hotpot,hotpot:156744
153704,easy_high,nq,nq:153704
90030,medium_high,nq,nq:90030
99854,hard,hotpot,hotpot:99854
153612,medium_mid,hotpot,hotpot:153612
102270,medium_low,nq,nq:102270
59764,medium_mid,hotpot,hotpot:59764
141164,hard,hotpot,hotpot:141164
73022,easy_high,hotpot,hotpot:73022
124402,medium_low,hotpot,hotpot:124402
35478,easy_high,hotpot,hotpot:35478
87986,medium_high,hotpot,hotpot:87986
83592,medium_high,nq,nq:83592
84546,medium_high,hotpot,hotpot:84546
54434,easy_high,hotpot,hotpot:54434
148644,medium_high,hotpot,hotpot:148644
17842,easy_high,nq,nq:17842
74494,medium_mid,hotpot,hotpot:74494
35878,hard,nq,nq:35878
156538,medium_mid,nq,nq:156538
130894,medium_mid,hotpot,hotpot:130894
27640,hard,hotpot,hotpot:27640
106058,easy_high,nq,nq:106058
39776,easy_high,nq,nq:39776
174508,medium_high,hotpot,hotpot:174508
4362,easy_high,hotpot,hotpot:4362
80242,medium_mid,hotpot,hotpot:80242
6280,easy_high,hotpot,hotpot:6280
92736,medium_low,hotpot,hotpot:92736
127008,easy_high,hotpot,hotpot:127008
110874,medium_high,hotpot,hotpot:110874
95336,medium_high,nq,nq:95336
118430,medium_high,nq,nq:118430
6240,medium_mid,nq,nq:6240
11668,medium_low,nq,nq:11668
172546,hard,hotpot,hotpot:172546
89888,medium_high,nq,nq:89888
13488,medium_mid,nq,nq:13488
106424,medium_mid,hotpot,hotpot:106424
117320,medium_low,hotpot,hotpot:117320
60934,easy_high,nq,nq:60934
163736,medium_high,hotpot,hotpot:163736
148998,medium_low,hotpot,hotpot:148998
112614,medium_low,nq,nq:112614
70278,easy_high,hotpot,hotpot:70278
115752,easy_high,hotpot,hotpot:115752
13462,hard,nq,nq:13462
162700,medium_mid,hotpot,hotpot:162700
15022,easy_high,hotpot,hotpot:15022
33394,easy_high,hotpot,hotpot:33394
140694,medium_high,nq,nq:140694
17144,medium_mid,nq,nq:17144
86796,easy_high,nq,nq:86796
91634,hard,nq,nq:91634
119820,medium_mid,hotpot,hotpot:119820
60748,easy_high,hotpot,hotpot:60748
86334,easy_high,nq,nq:86334
114378,medium_high,hotpot,hotpot:114378
13840,medium_mid,hotpot,hotpot:13840
84334,easy_high,hotpot,hotpot:84334
174924,hard,hotpot,hotpot:174924
129892,medium_high,hotpot,hotpot:129892
67246,medium_high,hotpot,hotpot:67246
108622,easy_high,hotpot,hotpot:108622
8130,easy_high,hotpot,hotpot:8130
104604,medium_high,nq,nq:104604
17448,easy_high,hotpot,hotpot:17448
97458,medium_mid,nq,nq:97458
148888,hard,hotpot,hotpot:148888
72250,medium_high,nq,nq:72250
149300,medium_low,hotpot,hotpot:149300
9858,hard,nq,nq:9858
71508,easy_high,hotpot,hotpot:71508
48932,medium_high,hotpot,hotpot:48932
93216,easy_high,hotpot,hotpot:93216
143140,medium_high,nq,nq:143140
105110,medium_high,nq,nq:105110
33768,medium_mid,nq,nq:33768
48594,easy_high,nq,nq:48594
123120,hard,nq,nq:123120
71842,medium_high,nq,nq:71842
30482,easy_high,nq,nq:30482
17614,easy_high,nq,nq:17614
29358,medium_high,hotpot,hotpot:29358
91424,medium_mid,nq,nq:91424
156420,easy_high,hotpot,hotpot:156420
68336,medium_mid,hotpot,hotpot:68336
35972,medium_mid,hotpot,hotpot:35972
64812,easy_high,nq,nq:64812
64072,medium_mid,nq,nq:64072
103018,hard,nq,nq:103018
103640,easy_high,nq,nq:103640
53512,medium_mid,hotpot,hotpot:53512
108224,medium_mid,nq,nq:108224
63600,medium_high,nq,nq:63600
124680,medium_low,nq,nq:124680
33634,medium_mid,hotpot,hotpot:33634
79720,medium_high,hotpot,hotpot:79720
41930,medium_low,hotpot,hotpot:41930
34042,easy_high,nq,nq:34042
56956,medium_mid,nq,nq:56956
27762,easy_high,nq,nq:27762
34532,easy_high,hotpot,hotpot:34532
150526,medium_mid,hotpot,hotpot:150526
84478,easy_high,hotpot,hotpot:84478
81390,easy_high,hotpot,hotpot:81390
39254,easy_high,hotpot,hotpot:39254
22302,easy_high,nq,nq:22302
66886,medium_low,nq,nq:66886
161250,medium_mid,hotpot,hotpot:161250
62370,medium_high,nq,nq:62370
78706,easy_high,nq,nq:78706
152116,medium_high,nq,nq:152116
91246,easy_high,hotpot,hotpot:91246
57614,easy_high,hotpot,hotpot:57614
14706,hard,nq,nq:14706
38526,medium_low,nq,nq:38526
34850,easy_high,nq,nq:34850
30338,medium_high,nq,nq:30338
92574,easy_high,hotpot,hotpot:92574
74080,easy_high,nq,nq:74080
109044,easy_high,nq,nq:109044
144252,easy_high,nq,nq:144252
67874,medium_high,hotpot,hotpot:67874
98940,medium_mid,hotpot,hotpot:98940
85388,medium_low,nq,nq:85388
17188,medium_mid,nq,nq:17188
38992,medium_high,nq,nq:38992
71870,medium_high,hotpot,hotpot:71870
93974,medium_mid,hotpot,hotpot:93974
19302,easy_high,hotpot,hotpot:19302
65448,medium_low,hotpot,hotpot:65448
169294,medium_high,hotpot,hotpot:169294
16048,hard,nq,nq:16048
65682,easy_high,nq,nq:65682
6034,easy_high,nq,nq:6034
67630,medium_mid,hotpot,hotpot:67630
141494,easy_high,nq,nq:141494
88254,hard,nq,nq:88254
115710,medium_low,hotpot,hotpot:115710
146072,medium_mid,hotpot,hotpot:146072
59362,medium_mid,hotpot,hotpot:59362
147104,medium_low,hotpot,hotpot:147104
77628,medium_high,nq,nq:77628
149094,medium_mid,hotpot,hotpot:149094
94618,medium_mid,hotpot,hotpot:94618
156104,medium_high,hotpot,hotpot:156104
161284,medium_mid,hotpot,hotpot:161284
179102,easy_high,hotpot,hotpot:179102
107628,medium_low,hotpot,hotpot:107628
107568,medium_high,nq,nq:107568
30262,hard,hotpot,hotpot:30262
35504,medium_mid,hotpot,hotpot:35504
111202,medium_high,nq,nq:111202
105296,medium_low,hotpot,hotpot:105296
137450,hard,nq,nq:137450
65894,easy_high,nq,nq:65894
16110,medium_mid,hotpot,hotpot:16110
47500,easy_high,hotpot,hotpot:47500
61850,medium_mid,nq,nq:61850
71572,easy_high,nq,nq:71572
143768,easy_high,nq,nq:143768
78984,medium_mid,nq,nq:78984
132618,medium_high,hotpot,hotpot:132618
125706,medium_low,hotpot,hotpot:125706
76088,hard,hotpot,hotpot:76088
80,easy_high,hotpot,hotpot:80
93238,medium_low,hotpot,hotpot:93238
111704,medium_high,hotpot,hotpot:111704
31204,medium_high,nq,nq:31204
2564,medium_high,nq,nq:2564
99228,easy_high,hotpot,hotpot:99228
3898,medium_low,nq,nq:3898
131128,hard,hotpot,hotpot:131128
51702,medium_mid,hotpot,hotpot:51702
110614,easy_high,hotpot,hotpot:110614
28788,medium_mid,hotpot,hotpot:28788
19702,medium_mid,hotpot,hotpot:19702
145996,medium_high,hotpot,hotpot:145996
47356,easy_high,nq,nq:47356
50766,medium_low,nq,nq:50766
64178,medium_mid,hotpot,hotpot:64178
86900,medium_mid,nq,nq:86900
128348,medium_low,nq,nq:128348
32002,medium_high,hotpot,hotpot:32002
122384,medium_mid,hotpot,hotpot:122384
4152,medium_mid,nq,nq:4152
99916,easy_high,hotpot,hotpot:99916
174302,easy_high,hotpot,hotpot:174302
714,easy_high,hotpot,hotpot:714
147892,medium_low,nq,nq:147892
77960,medium_high,nq,nq:77960
89196,medium_mid,nq,nq:89196
12352,medium_high,hotpot,hotpot:12352
55674,medium_high,nq,nq:55674
69150,medium_high,nq,nq:69150
162004,medium_mid,hotpot,hotpot:162004
132494,medium_mid,nq,nq:132494
95754,medium_mid,nq,nq:95754
4892,easy_high,hotpot,hotpot:4892
106970,medium_mid,hotpot,hotpot:106970
79482,easy_high,hotpot,hotpot:79482
20174,easy_high,hotpot,hotpot:20174
73138,medium_high,hotpot,hotpot:73138
40528,medium_high,hotpot,hotpot:40528
110386,easy_high,nq,nq:110386
153474,medium_mid,nq,nq:153474
120132,medium_mid,nq,nq:120132
62706,medium_high,hotpot,hotpot:62706
36470,medium_mid,nq,nq:36470
90354,medium_high,hotpot,hotpot:90354
62514,medium_mid,nq,nq:62514
55924,medium_mid,hotpot,hotpot:55924
80002,medium_mid,nq,nq:80002
75484,medium_high,nq,nq:75484
154238,easy_high,nq,nq:154238
85544,easy_high,hotpot,hotpot:85544
72778,hard,hotpot,hotpot:72778
95658,medium_mid,nq,nq:95658
45194,medium_mid,hotpot,hotpot:45194
9918,easy_high,nq,nq:9918
15660,medium_high,nq,nq:15660
85912,easy_high,nq,nq:85912
171558,hard,hotpot,hotpot:171558
160374,medium_mid,hotpot,hotpot:160374
99504,easy_high,nq,nq:99504
99582,medium_mid,nq,nq:99582
75562,medium_low,hotpot,hotpot:75562
95334,medium_low,nq,nq:95334
104406,medium_high,hotpot,hotpot:104406
151036,easy_high,nq,nq:151036
151482,medium_high,nq,nq:151482
110026,medium_mid,hotpot,hotpot:110026
154606,medium_high,nq,nq:154606
96430,easy_high,nq,nq:96430
73604,medium_mid,nq,nq:73604
155074,easy_high,nq,nq:155074
159636,medium_low,hotpot,hotpot:159636
136512,medium_mid,nq,nq:136512
157406,medium_mid,nq,nq:157406
27246,medium_mid,hotpot,hotpot:27246
33280,easy_high,nq,nq:33280
38284,medium_high,hotpot,hotpot:38284
80008,easy_high,nq,nq:80008
77692,medium_mid,hotpot,hotpot:77692
113348,easy_high,nq,nq:113348
24046,hard,hotpot,hotpot:24046
58948,easy_high,nq,nq:58948
74846,medium_high,hotpot,hotpot:74846
175992,medium_low,hotpot,hotpot:175992
101324,easy_high,nq,nq:101324
414,medium_high,nq,nq:414
130928,medium_mid,nq,nq:130928
104048,medium_high,nq,nq:104048
99764,hard,hotpot,hotpot:99764
106096,medium_mid,hotpot,hotpot:106096
129246,hard,nq,nq:129246
22558,medium_mid,hotpot,hotpot:22558
146790,medium_mid,hotpot,hotpot:146790
21214,medium_low,hotpot,hotpot:21214
106702,medium_low,nq,nq:106702
18956,easy_high,nq,nq:18956
94094,medium_high,nq,nq:94094
17036,medium_mid,nq,nq:17036
34518,easy_high,nq,nq:34518
64684,easy_high,hotpot,hotpot:64684
40132,easy_high,nq,nq:40132
32040,medium_mid,hotpot,hotpot:32040
34122,medium_mid,nq,nq:34122
28768,medium_high,nq,nq:28768
14710,medium_low,nq,nq:14710
119914,easy_high,nq,nq:119914
159054,easy_high,hotpot,hotpot:159054
63746,medium_high,nq,nq:63746
36390,hard,nq,nq:36390
90556,medium_mid,nq,nq:90556
92678,easy_high,hotpot,hotpot:92678
4020,medium_high,nq,nq:4020
125278,medium_high,nq,nq:125278
120820,medium_mid,hotpot,hotpot:120820
30894,medium_high,hotpot,hotpot:30894
37734,easy_high,nq,nq:37734
143558,easy_high,hotpot,hotpot:143558
92136,medium_mid,nq,nq:92136
77866,medium_mid,hotpot,hotpot:77866
34466,medium_mid,hotpot,hotpot:34466
110422,easy_high,hotpot,hotpot:110422
116232,hard,nq,nq:116232
113322,medium_high,nq,nq:113322
143206,medium_mid,nq,nq:143206
95914,medium_mid,nq,nq:95914
131698,hard,nq,nq:131698
6336,medium_mid,hotpot,hotpot:6336
15540,medium_low,nq,nq:15540
42722,medium_high,nq,nq:42722
178434,medium_low,hotpot,hotpot:178434
39410,medium_high,nq,nq:39410
44454,medium_mid,nq,nq:44454
13662,medium_mid,hotpot,hotpot:13662
87514,easy_high,hotpot,hotpot:87514
107580,medium_low,nq,nq:107580
98434,medium_high,hotpot,hotpot:98434
53978,medium_mid,nq,nq:53978
61962,medium_high,nq,nq:61962
6572,medium_high,nq,nq:6572
24466,medium_high,nq,nq:24466
96764,medium_high,hotpot,hotpot:96764
74386,medium_mid,hotpot,hotpot:74386
139140,easy_high,hotpot,hotpot:139140
20912,medium_mid,hotpot,hotpot:20912
98604,medium_low,nq,nq:98604
80800,medium_low,hotpot,hotpot:80800
37132,medium_mid,nq,nq:37132
139606,medium_high,hotpot,hotpot:139606
126438,easy_high,hotpot,hotpot:126438
98666,medium_high,hotpot,hotpot:98666
97664,easy_high,hotpot,hotpot:97664
11966,medium_low,nq,nq:11966
92848,medium_mid,hotpot,hotpot:92848
143078,hard,nq,nq:143078
81776,easy_high,nq,nq:81776
123474,medium_low,nq,nq:123474
113700,hard,hotpot,hotpot:113700
5376,medium_high,hotpot,hotpot:5376
109278,medium_high,nq,nq:109278
3346,medium_low,hotpot,hotpot:3346
36804,medium_high,nq,nq:36804
179106,hard,hotpot,hotpot:179106
61232,medium_high,nq,nq:61232
48698,easy_high,hotpot,hotpot:48698
165108,medium_low,hotpot,hotpot:165108
156314,medium_mid,hotpot,hotpot:156314
147406,medium_high,hotpot,hotpot:147406
58248,easy_high,hotpot,hotpot:58248
105136,medium_mid,hotpot,hotpot:105136
129888,easy_high,nq,nq:129888
115812,easy_high,nq,nq:115812
83104,hard,nq,nq:83104
165232,medium_mid,hotpot,hotpot:165232
32550,medium_low,nq,nq:32550
89506,medium_mid,hotpot,hotpot:89506
111456,medium_low,hotpot,hotpot:111456
10204,medium_mid,nq,nq:10204
3576,medium_mid,nq,nq:3576
161986,medium_high,hotpot,hotpot:161986
127652,medium_mid,nq,nq:127652
87362,easy_high,nq,nq:87362
26220,easy_high,nq,nq:26220
148064,medium_mid,hotpot,hotpot:148064
41648,easy_high,hotpot,hotpot:41648
81574,medium_mid,hotpot,hotpot:81574
81070,medium_mid,nq,nq:81070
17058,easy_high,hotpot,hotpot:17058
97458,medium_mid,hotpot,hotpot:97458
74902,hard,hotpot,hotpot:74902
93080,easy_high,hotpot,hotpot:93080
131876,medium_mid,nq,nq:131876
82204,easy_high,nq,nq:82204
10160,medium_high,nq,nq:10160
72216,hard,nq,nq:72216
129792,medium_low,nq,nq:129792
157034,medium_mid,nq,nq:157034
119738,medium_mid,nq,nq:119738
62964,medium_mid,hotpot,hotpot:62964
126250,medium_low,hotpot,hotpot:126250
11218,medium_mid,nq,nq:11218
15958,medium_high,nq,nq:15958
2096,medium_low,nq,nq:2096
150778,medium_mid,hotpot,hotpot:150778
80742,medium_mid,nq,nq:80742
154670,medium_mid,hotpot,hotpot:154670
96592,medium_mid,nq,nq:96592
91292,medium_low,nq,nq:91292
47272,medium_high,hotpot,hotpot:47272
120174,medium_high,nq,nq:120174
112116,medium_mid,hotpot,hotpot:112116
98888,medium_mid,nq,nq:98888
161062,medium_high,hotpot,hotpot:161062
28850,medium_low,hotpot,hotpot:28850
20724,easy_high,hotpot,hotpot:20724
99606,medium_low,hotpot,hotpot:99606
70576,hard,hotpot,hotpot:70576
29144,easy_high,nq,nq:29144
73598,medium_high,hotpot,hotpot:73598
23510,easy_high,hotpot,hotpot:23510
31906,easy_high,hotpot,hotpot:31906
146078,medium_high,hotpot,hotpot:146078
51868,medium_high,hotpot,hotpot:51868
79584,medium_high,nq,nq:79584
146570,easy_high,nq,nq:146570
63902,medium_mid,hotpot,hotpot:63902
129212,hard,nq,nq:129212
79524,medium_mid,nq,nq:79524
121626,medium_high,nq,nq:121626
68954,easy_high,nq,nq:68954
73920,medium_mid,nq,nq:73920
119490,medium_high,hotpot,hotpot:119490
52204,easy_high,nq,nq:52204
140920,easy_high,nq,nq:140920
102644,easy_high,nq,nq:102644
27212,medium_mid,nq,nq:27212
38066,medium_high,hotpot,hotpot:38066
41084,medium_mid,nq,nq:41084
121486,easy_high,hotpot,hotpot:121486
90014,medium_low,nq,nq:90014
8610,medium_high,nq,nq:8610
114896,medium_mid,nq,nq:114896
80166,easy_high,hotpot,hotpot:80166
109030,medium_high,hotpot,hotpot:109030
41590,medium_high,hotpot,hotpot:41590
60940,medium_low,nq,nq:60940
65984,medium_high,nq,nq:65984
24480,hard,nq,nq:24480
59222,hard,nq,nq:59222
24942,medium_high,nq,nq:24942
19440,easy_high,nq,nq:19440
167836,hard,hotpot,hotpot:167836
1762,easy_high,hotpot,hotpot:1762
130426,medium_high,nq,nq:130426
89514,easy_high,nq,nq:89514
37966,easy_high,nq,nq:37966
151402,easy_high,hotpot,hotpot:151402
58132,medium_mid,nq,nq:58132
26950,medium_mid,hotpot,hotpot:26950
125188,medium_low,nq,nq:125188
30712,medium_high,nq,nq:30712
59448,medium_mid,hotpot,hotpot:59448
74726,medium_mid,nq,nq:74726
176672,medium_mid,hotpot,hotpot:176672
153918,medium_low,hotpot,hotpot:153918
106840,medium_mid,hotpot,hotpot:106840
8618,medium_mid,hotpot,hotpot:8618
112164,medium_mid,hotpot,hotpot:112164
79902,medium_mid,nq,nq:79902
74962,hard,nq,nq:74962
155314,easy_high,nq,nq:155314
137088,medium_mid,hotpot,hotpot:137088
35730,medium_mid,nq,nq:35730
154872,medium_high,hotpot,hotpot:154872
179462,medium_mid,hotpot,hotpot:179462
84642,medium_high,nq,nq:84642
26322,easy_high,nq,nq:26322
72866,easy_high,hotpot,hotpot:72866
63660,medium_low,nq,nq:63660
69228,medium_mid,nq,nq:69228
10286,medium_mid,nq,nq:10286
246,medium_mid,nq,nq:246
164724,medium_high,hotpot,hotpot:164724
30580,medium_low,hotpot,hotpot:30580
66988,medium_low,nq,nq:66988
176476,easy_high,hotpot,hotpot:176476
121412,easy_high,nq,nq:121412
116594,hard,nq,nq:116594
51752,easy_high,nq,nq:51752
167156,medium_high,hotpot,hotpot:167156
46548,medium_high,hotpot,hotpot:46548
63894,easy_high,hotpot,hotpot:63894
140072,easy_high,nq,nq:140072
114360,medium_high,nq,nq:114360
27008,hard,nq,nq:27008
121300,easy_high,hotpot,hotpot:121300
108726,medium_high,hotpot,hotpot:108726
157510,medium_high,hotpot,hotpot:157510
121308,medium_low,hotpot,hotpot:121308
35144,hard,nq,nq:35144
60936,medium_low,nq,nq:60936
101956,medium_mid,nq,nq:101956
119180,easy_high,nq,nq:119180
98844,easy_high,hotpot,hotpot:98844
102854,medium_mid,nq,nq:102854
134806,medium_mid,hotpot,hotpot:134806
174522,medium_mid,hotpot,hotpot:174522
172286,medium_low,hotpot,hotpot:172286
122436,easy_high,hotpot,hotpot:122436
145672,easy_high,nq,nq:145672
169138,medium_low,hotpot,hotpot:169138
134166,medium_low,hotpot,hotpot:134166
2900,medium_mid,nq,nq:2900
45616,easy_high,hotpot,hotpot:45616
96588,medium_high,hotpot,hotpot:96588
82950,easy_high,nq,nq:82950
104654,medium_mid,nq,nq:104654
28448,easy_high,hotpot,hotpot:28448
164814,hard,hotpot,hotpot:164814
70004,medium_high,nq,nq:70004
145284,easy_high,nq,nq:145284
176030,hard,hotpot,hotpot:176030
25578,medium_mid,hotpot,hotpot:25578
41342,hard,nq,nq:41342
84582,medium_high,hotpot,hotpot:84582
29220,hard,nq,nq:29220
102346,easy_high,hotpot,hotpot:102346
82084,medium_low,nq,nq:82084
123154,medium_mid,nq,nq:123154
124976,medium_mid,nq,nq:124976
138950,medium_high,hotpot,hotpot:138950
43818,medium_low,hotpot,hotpot:43818
73526,medium_high,nq,nq:73526
61752,medium_mid,hotpot,hotpot:61752
136818,medium_mid,nq,nq:136818
124160,easy_high,hotpot,hotpot:124160
46646,medium_mid,nq,nq:46646
163358,hard,hotpot,hotpot:163358
152912,medium_low,hotpot,hotpot:152912
20114,medium_low,hotpot,hotpot:20114
79556,easy_high,nq,nq:79556
150342,medium_high,hotpot,hotpot:150342
87404,medium_mid,hotpot,hotpot:87404
153972,easy_high,nq,nq:153972
91692,easy_high,nq,nq:91692
75528,medium_low,nq,nq:75528
29566,medium_mid,nq,nq:29566
106736,medium_high,nq,nq:106736
111580,medium_high,hotpot,hotpot:111580
96076,medium_high,nq,nq:96076
133604,easy_high,hotpot,hotpot:133604
30902,medium_mid,hotpot,hotpot:30902
66186,medium_mid,nq,nq:66186
24406,easy_high,nq,nq:24406
40158,easy_high,hotpot,hotpot:40158
137672,hard,hotpot,hotpot:137672
22258,easy_high,nq,nq:22258
23124,medium_low,hotpot,hotpot:23124
45720,medium_high,nq,nq:45720
42744,easy_high,hotpot,hotpot:42744
24606,medium_low,hotpot,hotpot:24606
34828,easy_high,hotpot,hotpot:34828
97602,medium_low,hotpot,hotpot:97602
107122,medium_high,hotpot,hotpot:107122
152662,medium_high,hotpot,hotpot:152662
30366,medium_low,hotpot,hotpot:30366
24482,medium_mid,hotpot,hotpot:24482
136246,medium_mid,hotpot,hotpot:136246
179392,medium_mid,hotpot,hotpot:179392
77572,medium_mid,nq,nq:77572
172176,medium_mid,hotpot,hotpot:172176
78446,medium_high,nq,nq:78446
91184,medium_mid,nq,nq:91184
33226,medium_low,nq,nq:33226
46532,medium_low,hotpot,hotpot:46532
64898,medium_high,nq,nq:64898
141560,easy_high,hotpot,hotpot:141560
157146,easy_high,hotpot,hotpot:157146
67018,medium_mid,nq,nq:67018
48842,hard,hotpot,hotpot:48842
93618,easy_high,hotpot,hotpot:93618
99544,easy_high,hotpot,hotpot:99544
130246,medium_high,hotpot,hotpot:130246
11852,easy_high,hotpot,hotpot:11852
15572,medium_high,nq,nq:15572
33554,medium_mid,hotpot,hotpot:33554
142630,hard,nq,nq:142630
89098,easy_high,nq,nq:89098
88506,medium_high,hotpot,hotpot:88506
75940,medium_mid,hotpot,hotpot:75940
22948,medium_high,nq,nq:22948
124156,medium_high,hotpot,hotpot:124156
84834,medium_low,hotpot,hotpot:84834
94222,medium_high,hotpot,hotpot:94222
150868,medium_mid,nq,nq:150868
48026,medium_low,nq,nq:48026
84128,medium_high,hotpot,hotpot:84128
76378,medium_high,nq,nq:76378
103580,medium_mid,hotpot,hotpot:103580
148520,medium_low,nq,nq:148520
145192,hard,nq,nq:145192
30396,easy_high,nq,nq:30396
35812,easy_high,nq,nq:35812
55546,hard,hotpot,hotpot:55546
155442,easy_high,nq,nq:155442
18064,medium_low,hotpot,hotpot:18064
59454,medium_mid,nq,nq:59454
74744,easy_high,nq,nq:74744
31252,medium_mid,hotpot,hotpot:31252
55068,medium_mid,hotpot,hotpot:55068
91296,medium_mid,nq,nq:91296
54150,easy_high,hotpot,hotpot:54150
100026,easy_high,nq,nq:100026
171912,medium_high,hotpot,hotpot:171912
131666,medium_low,nq,nq:131666
79888,medium_mid,hotpot,hotpot:79888
146480,medium_low,hotpot,hotpot:146480
52202,easy_high,hotpot,hotpot:52202
1030,medium_low,nq,nq:1030
86520,medium_mid,hotpot,hotpot:86520
176132,easy_high,hotpot,hotpot:176132
31622,medium_high,hotpot,hotpot:31622
10434,hard,nq,nq:10434
125576,medium_low,hotpot,hotpot:125576
157646,medium_low,nq,nq:157646
102830,medium_high,nq,nq:102830
15576,medium_mid,hotpot,hotpot:15576
139500,hard,hotpot,hotpot:139500
75568,easy_high,nq,nq:75568
75272,easy_high,nq,nq:75272
48274,hard,hotpot,hotpot:48274
130902,easy_high,nq,nq:130902
68616,easy_high,hotpot,hotpot:68616
143644,medium_mid,nq,nq:143644
61224,easy_high,nq,nq:61224
137010,hard,nq,nq:137010
12412,easy_high,hotpot,hotpot:12412
110192,medium_high,nq,nq:110192
60598,medium_mid,nq,nq:60598
153002,medium_low,nq,nq:153002
46178,medium_mid,nq,nq:46178
148560,medium_mid,nq,nq:148560
139134,medium_high,hotpot,hotpot:139134
71442,medium_high,hotpot,hotpot:71442
63730,hard,nq,nq:63730
119886,hard,nq,nq:119886
105808,medium_mid,hotpot,hotpot:105808
31378,easy_high,nq,nq:31378
82406,medium_high,nq,nq:82406
177876,medium_mid,hotpot,hotpot:177876
17466,medium_mid,nq,nq:17466
104148,easy_high,nq,nq:104148
90384,easy_high,nq,nq:90384
83642,easy_high,hotpot,hotpot:83642
53502,medium_mid,hotpot,hotpot:53502
71094,medium_mid,nq,nq:71094
158778,easy_high,hotpot,hotpot:158778
107198,medium_mid,hotpot,hotpot:107198
169978,medium_mid,hotpot,hotpot:169978
45892,medium_low,nq,nq:45892
171144,hard,hotpot,hotpot:171144
57276,easy_high,nq,nq:57276
70842,medium_mid,hotpot,hotpot:70842
71916,medium_high,nq,nq:71916
13694,medium_high,nq,nq:13694
12448,medium_mid,nq,nq:12448
132880,medium_mid,nq,nq:132880
29078,medium_high,nq,nq:29078
10660,medium_mid,nq,nq:10660
120636,medium_mid,nq,nq:120636
111052,medium_high,nq,nq:111052
88986,medium_mid,nq,nq:88986
140138,medium_mid,nq,nq:140138
137828,easy_high,hotpot,hotpot:137828
35672,medium_low,nq,nq:35672
46716,medium_high,nq,nq:46716
56156,easy_high,nq,nq:56156
66876,medium_low,nq,nq:66876
144516,easy_high,hotpot,hotpot:144516
90458,medium_low,nq,nq:90458
72836,medium_mid,hotpot,hotpot:72836
92558,hard,hotpot,hotpot:92558
60130,medium_high,hotpot,hotpot:60130
40396,medium_high,nq,nq:40396
2772,easy_high,hotpot,hotpot:2772
148480,easy_high,hotpot,hotpot:148480
26424,easy_high,nq,nq:26424
100366,easy_high,hotpot,hotpot:100366
86676,medium_mid,hotpot,hotpot:86676
173780,medium_high,hotpot,hotpot:173780
102580,medium_mid,nq,nq:102580
142326,easy_high,hotpot,hotpot:142326
42550,easy_high,nq,nq:42550
174052,medium_low,hotpot,hotpot:174052
10130,medium_high,hotpot,hotpot:10130
126196,medium_mid,nq,nq:126196
129722,medium_mid,nq,nq:129722
117254,medium_high,hotpot,hotpot:117254
178798,medium_mid,hotpot,hotpot:178798
19110,medium_high,nq,nq:19110
112734,medium_mid,hotpot,hotpot:112734
162266,easy_high,hotpot,hotpot:162266
77894,medium_low,hotpot,hotpot:77894
64180,easy_high,hotpot,hotpot:64180
130480,easy_high,nq,nq:130480
76066,medium_low,nq,nq:76066
63750,hard,nq,nq:63750
104368,medium_mid,nq,nq:104368
52828,easy_high,hotpot,hotpot:52828
142924,medium_high,hotpot,hotpot:142924
133402,medium_low,hotpot,hotpot:133402
1028,medium_mid,nq,nq:1028
36478,medium_high,nq,nq:36478
101976,medium_low,nq,nq:101976
154108,easy_high,hotpot,hotpot:154108
73422,hard,nq,nq:73422
56244,medium_high,hotpot,hotpot:56244
178578,easy_high,hotpot,hotpot:178578
167502,medium_high,hotpot,hotpot:167502
123712,medium_mid,hotpot,hotpot:123712
143450,medium_mid,hotpot,hotpot:143450
40084,easy_high,nq,nq:40084
48534,easy_high,nq,nq:48534
29062,medium_mid,hotpot,hotpot:29062
32752,easy_high,hotpot,hotpot:32752
116394,medium_low,hotpot,hotpot:116394
2330,hard,hotpot,hotpot:2330
23572,medium_low,nq,nq:23572
19146,easy_high,nq,nq:19146
131064,medium_high,nq,nq:131064
5346,easy_high,hotpot,hotpot:5346
55034,medium_low,nq,nq:55034
98210,medium_mid,hotpot,hotpot:98210
41502,medium_high,nq,nq:41502
32760,medium_mid,hotpot,hotpot:32760
87532,medium_mid,hotpot,hotpot:87532
53078,medium_mid,hotpot,hotpot:53078
3652,medium_low,nq,nq:3652
128356,easy_high,nq,nq:128356
34980,medium_mid,hotpot,hotpot:34980
107166,easy_high,hotpot,hotpot:107166
105870,medium_low,nq,nq:105870
62498,medium_low,nq,nq:62498
28106,medium_mid,nq,nq:28106
88948,easy_high,hotpot,hotpot:88948
109804,medium_mid,hotpot,hotpot:109804
140978,easy_high,nq,nq:140978
123574,medium_low,hotpot,hotpot:123574
150228,medium_low,nq,nq:150228
104178,medium_mid,nq,nq:104178
10338,easy_high,nq,nq:10338
608,easy_high,hotpot,hotpot:608
45444,medium_low,nq,nq:45444
116298,easy_high,nq,nq:116298
107974,medium_mid,hotpot,hotpot:107974
65102,medium_high,nq,nq:65102
128220,medium_high,nq,nq:128220
140352,easy_high,hotpot,hotpot:140352
17590,easy_high,hotpot,hotpot:17590
31500,medium_low,nq,nq:31500
179780,medium_mid,hotpot,hotpot:179780
43806,medium_low,hotpot,hotpot:43806
105234,easy_high,nq,nq:105234
156926,medium_mid,hotpot,hotpot:156926
123470,easy_high,nq,nq:123470
67998,medium_high,hotpot,hotpot:67998
108778,medium_low,nq,nq:108778
178906,hard,hotpot,hotpot:178906
139752,medium_high,nq,nq:139752
41902,easy_high,nq,nq:41902
157646,medium_high,hotpot,hotpot:157646
41476,easy_high,hotpot,hotpot:41476
106408,medium_low,nq,nq:106408
86586,easy_high,nq,nq:86586
67114,medium_low,hotpot,hotpot:67114
50698,medium_high,nq,nq:50698
144842,medium_mid,hotpot,hotpot:144842
124434,hard,nq,nq:124434
117660,medium_mid,nq,nq:117660
15986,easy_high,hotpot,hotpot:15986
504,medium_low,hotpot,hotpot:504
70428,medium_low,nq,nq:70428
105490,medium_low,hotpot,hotpot:105490
11880,medium_mid,hotpot,hotpot:11880
169416,medium_high,hotpot,hotpot:169416
155730,medium_high,hotpot,hotpot:155730
24208,medium_high,hotpot,hotpot:24208
161590,medium_low,hotpot,hotpot:161590
127566,easy_high,hotpot,hotpot:127566
104294,medium_mid,nq,nq:104294
140408,medium_mid,nq,nq:140408
71350,medium_high,nq,nq:71350
45766,medium_mid,hotpot,hotpot:45766
318,hard,hotpot,hotpot:318
105388,medium_high,nq,nq:105388
14156,medium_high,nq,nq:14156
128176,easy_high,hotpot,hotpot:128176
101122,medium_low,nq,nq:101122
14582,medium_mid,hotpot,hotpot:14582
132498,medium_high,hotpot,hotpot:132498
76682,medium_high,nq,nq:76682
72506,easy_high,nq,nq:72506
72222,easy_high,hotpot,hotpot:72222
97516,hard,hotpot,hotpot:97516
112506,medium_mid,nq,nq:112506
54010,medium_low,hotpot,hotpot:54010
122544,medium_low,nq,nq:122544
136084,medium_low,hotpot,hotpot:136084
96046,medium_mid,nq,nq:96046
151242,medium_high,hotpot,hotpot:151242
149904,hard,hotpot,hotpot:149904
38970,medium_high,nq,nq:38970
40782,medium_mid,nq,nq:40782
51162,easy_high,hotpot,hotpot:51162
150986,medium_high,hotpot,hotpot:150986
144726,medium_low,nq,nq:144726
62106,medium_mid,hotpot,hotpot:62106
39084,hard,nq,nq:39084
